-- phpMyAdmin SQL Dump
-- version 4.0.4
-- http://www.phpmyadmin.net
--
-- Host: localhost
-- Generation Time: Dec 06, 2014 at 10:26 PM
-- Server version: 5.6.12-log
-- PHP Version: 5.4.12

SET SQL_MODE = "NO_AUTO_VALUE_ON_ZERO";
SET time_zone = "+00:00";


/*!40101 SET @OLD_CHARACTER_SET_CLIENT=@@CHARACTER_SET_CLIENT */;
/*!40101 SET @OLD_CHARACTER_SET_RESULTS=@@CHARACTER_SET_RESULTS */;
/*!40101 SET @OLD_COLLATION_CONNECTION=@@COLLATION_CONNECTION */;
/*!40101 SET NAMES utf8 */;

--
-- Database: `fhsapp`
--
CREATE DATABASE IF NOT EXISTS `fhsapp` DEFAULT CHARACTER SET latin1 COLLATE latin1_swedish_ci;
USE `fhsapp`;

-- --------------------------------------------------------

--
-- Table structure for table `announcements`
--

CREATE TABLE IF NOT EXISTS `announcements` (
  `id` int(10) NOT NULL AUTO_INCREMENT,
  `title` varchar(100) NOT NULL,
  `description` longtext NOT NULL,
  `date` date NOT NULL COMMENT 'should we change this??',
  `location` varchar(100) NOT NULL,
  `time` varchar(100) NOT NULL,
  `start_date` date NOT NULL COMMENT 'see date',
  `end_date` date NOT NULL COMMENT 'see date',
  `author` int(10) NOT NULL COMMENT 'Go by id',
  `timestamp` timestamp NOT NULL DEFAULT CURRENT_TIMESTAMP ON UPDATE CURRENT_TIMESTAMP,
  PRIMARY KEY (`id`)
) ENGINE=MyISAM  DEFAULT CHARSET=latin1 AUTO_INCREMENT=282 ;

--
-- Dumping data for table `announcements`
--

INSERT INTO `announcements` (`id`, `title`, `description`, `date`, `location`, `time`, `start_date`, `end_date`, `author`, `timestamp`) VALUES
(51, 'HW', '<p>Read Chpt. 1 - 4 by Thursday.</p>', '0000-00-00', '', '', '2013-11-25', '2013-12-16', 1, '2013-12-14 20:04:09'),
(52, 'General Announcement', '<p>General</p>', '2013-12-08', '', '', '2013-12-07', '2013-12-16', 1, '2013-12-14 20:02:17'),
(53, 'Class', '<p>Class</p>', '2013-12-08', '', '', '2013-12-07', '2013-12-16', 1, '2013-12-14 20:03:23'),
(54, 'Club', '<p>Clubby stuff</p>', '2013-12-08', '', '', '2013-12-07', '2013-12-16', 1, '2013-12-14 20:03:33'),
(55, 'Sports', '<p>Sporty stuff</p>', '2013-12-08', '', '', '2013-12-07', '2013-12-16', 1, '2013-12-14 20:03:53'),
(89, 'Slam Informational Meeting', '<p>March 4 Lunch in Library. Must come to 1st Meeting to get Registration Form for FHS Slam 2014!</p>', '2014-03-04', 'Library', 'Lunch', '2014-02-22', '2014-03-04', 20, '2014-02-22 22:56:07'),
(59, 'There is a Krampus loose on Hawthorne!', '<p>I''d be okay with this, if it was IN SEASON! If you see the Krampus, please give him a stern talking-to and call the local authorities. Or write to your congressperson! Whatever, y''know?&nbsp;</p>', '2013-12-31', 'Hawthorne St. ', 'Whenever', '2013-12-31', '2014-01-01', 1, '2014-01-01 00:39:00'),
(60, '" character test one', '<p>" character test one&nbsp;</p>', '2014-01-04', '', '', '2014-01-04', '2014-01-05', 1, '2014-01-04 21:15:12'),
(61, '! character test two', '<p>! character test two&nbsp;</p>', '2014-01-04', '', '', '2014-01-04', '2014-01-05', 1, '2014-01-04 21:19:14'),
(62, '~ character test three', '<p>~ character test three&nbsp;</p>', '2014-01-04', '', '', '2014-01-04', '2014-01-05', 1, '2014-01-04 21:20:01'),
(63, '/ character test five', '<p>/ character test five</p>', '2014-01-04', '', '', '2014-01-04', '2014-01-05', 1, '2014-01-04 21:22:00'),
(64, ' character test six ', '<p>\\ character test six&nbsp;</p>', '0000-00-00', '', '', '2014-01-04', '2014-01-05', 1, '2014-01-04 21:22:50'),
(65, 'character test four point one ', '<p>'' character test four point one&nbsp;</p>', '0000-00-00', '', '', '2014-01-04', '2014-01-05', 1, '2014-01-04 21:24:35'),
(66, '( character test seven', '<p>character test seven</p>', '0000-00-00', '', '', '2014-01-04', '2014-01-05', 1, '2014-01-04 21:33:43'),
(67, ') character test eight', '<p>) character test eight</p>', '0000-00-00', '', '', '2014-01-04', '2014-01-05', 1, '2014-01-04 21:34:19'),
(68, '{ character test nine', '<p>{ character test nine</p>', '0000-00-00', '', '', '2014-01-04', '2014-01-05', 1, '2014-01-04 21:34:51'),
(69, '} character test ten', '<p>} character test ten</p>', '0000-00-00', '', '', '2014-01-04', '2014-01-05', 1, '2014-01-04 21:35:18'),
(70, '< character test eleven ', '<p>&lt; character test eleven&nbsp;</p>', '0000-00-00', '', '', '2014-01-04', '2014-01-05', 1, '2014-01-04 21:36:13'),
(71, '> character test twelve', '<p>&gt; character test twelve</p>', '0000-00-00', '', '', '2014-01-04', '2014-01-05', 1, '2014-01-04 21:37:04'),
(72, '[ character test thirteen SPOOKY', '<p>[ character test thirteen SPOOKY</p>', '0000-00-00', '', '', '2014-01-04', '2014-01-05', 1, '2014-01-04 21:37:33'),
(73, '] character test fourteen', '<p>] character test fourteen</p>', '0000-00-00', '', '', '2014-01-04', '2014-01-05', 1, '2014-01-04 21:38:05'),
(74, '_ character test 15', '<p>character test 15 _&nbsp;</p>', '0000-00-00', '', '', '2014-01-04', '2014-01-05', 1, '2014-01-04 21:38:37'),
(75, '@ character test sixteen', '<p>ergo</p>', '0000-00-00', '', '', '2014-01-04', '2014-01-05', 1, '2014-01-04 21:40:38'),
(76, '# character test seventeen', '<p>ergo</p>', '0000-00-00', '', '', '2014-01-04', '2014-01-05', 1, '2014-01-04 21:40:58'),
(77, '$ character test eighteen', '<p>ergo</p>', '0000-00-00', '', '', '2014-01-04', '2014-01-05', 1, '2014-01-04 21:41:22'),
(78, '1234567890 character test nineteen', '<p>ergo</p>', '0000-00-00', '', '', '2014-01-04', '2014-01-05', 1, '2014-01-04 21:43:09'),
(79, '% character test twenty ', '<p>ergo</p>', '0000-00-00', '', '', '2014-01-04', '2014-01-05', 1, '2014-01-04 21:43:47'),
(93, 'Testing Announcements....', '<p>This is a test.&nbsp; Only a test.&nbsp; Thanks.&nbsp; Wait, while you are here, go to my <a href="http://www.youtube.com/channel/UCzb7leP5OkZ9DgQ7P7SNEJg/feed">YouTube page</a>.&nbsp; Watch, like, subscribe.&nbsp;</p>', '2014-03-07', 'Everywhere', 'NOW!', '2014-02-27', '2014-03-08', 19, '2014-02-27 23:01:44'),
(81, '""''''!@#$%^&*()_+\\|/?<>,.;;:{"}{', '<p>yo</p>', '2014-01-11', '', '', '2014-01-11', '2014-01-12', 1, '2014-01-11 20:59:10'),
(82, 'etcetera!', '<p>HAHA</p>', '2014-01-11', '', '', '2014-01-11', '2014-01-12', 1, '2014-01-11 21:04:32'),
(83, 'Annual ', '<p>This saturday, be sure to abuse moe socha.&nbsp;</p>', '2014-01-11', 'Library at Franklin', '2:18 pm', '2014-01-11', '2014-01-12', 1, '2014-01-11 22:18:10'),
(84, 'testertester', '<p>blenderblender</p>', '2014-01-11', '', '', '2014-01-11', '2014-01-12', 1, '2014-01-11 22:19:08'),
(85, 'Upcoming Due Dates 6th Period', '<p><strong>Chapter 13 homework:</strong> Friday, January 17th</p>\r\n<p><strong>EDTA Lab:</strong> Friday, January 17th 3:30 pm</p>\r\n<p><strong>Final:</strong> January 21st 12:05 - 1:35pm</p>\r\n<p><strong>Quarter 2 Formal Report:</strong> Januarry 24th 11:25am</p>', '0000-00-00', '', '', '2014-01-17', '2014-01-24', 18, '2014-01-17 16:04:10'),
(86, 'Upcoming Due Dates 3rd Period', '<ol>\r\n<li><strong>Chapter 13 homework:</strong> Friday, January 17th</li>\r\n<li><strong>EDTA Lab:</strong> Tuesday, January 21st 3:30 pm</li>\r\n<li><strong>Final:</strong> January 23rd 9:55 - 11:25am</li>\r\n<li><strong>Quarter 2 Formal Report:</strong> Januarry 24th 11:25am</li>\r\n</ol>', '0000-00-00', '', '', '2014-01-17', '2014-01-24', 18, '2014-01-17 16:07:53'),
(87, 'Test 02/28/14', '<p>Hello All!&nbsp; We will have a test this upcoming Friday 02/28/14!&nbsp; Study Study Study!&nbsp; We will review the class beforehand.&nbsp;</p>', '2014-02-28', 'Room 126 (My classroom)', '8:15am', '2014-02-24', '2014-03-01', 19, '2014-02-22 21:54:59'),
(90, 'Upcomming Test!', '<p>There will be a test coming soon.&nbsp; For period 3 it will be Friday 02/28/14.&nbsp; For period 2 and 6 it will be Monday March 3rd.&nbsp; We will have a review day beforehand!&nbsp; It is on chapter 10!</p>\r\n<p>Make sure you are ready for this test.&nbsp; </p>', '2014-02-28', 'Room 126 (Jamieson''s Room)', '8:15am', '2014-02-24', '2014-03-04', 19, '2014-02-23 00:57:02'),
(91, 'Test!!!!', '<p>We have a test coming up!&nbsp; It will be Thursday, February 27th!!!&nbsp; That''s this Thursday!&nbsp; Make sure you study all worksheets and the study guide to prepare for this test.&nbsp;</p>', '2014-02-27', 'Room 126 (Jamieson''s Room)', '4th Period', '2014-02-24', '2014-02-28', 19, '2014-02-23 00:58:24'),
(92, 'FREE STUDENT TICKETS', '<p class="MsoNormal"><strong><span style="font-size: 12pt; line-height: 115%;">Come join 100 other students to hear&nbsp; US Supreme Court Justice Sonia Sotomayor on March 11 7:30 at the Schnitzer&nbsp; for FREE! Transportation from FHS and tickets provided to the first 100 students who get their permission slips in to Ms. Childs Room 244. Slips can be obtained from 244/Library or Social Studies/Language Arts/Law/Spanish teacher . Slips must be in by March 4 For more information see sponsor links-Literary Arts or MCPL&nbsp;</span></strong></p>', '2014-03-11', 'Arlene Schnitzer Concert Hall', '7:30 pm', '2014-02-27', '2014-03-05', 22, '2014-02-26 22:30:43'),
(94, 'Chapter 6 Beginning ', '<p>Hopefully some of you are helping test this app.&nbsp;</p>\r\n<p>&nbsp;</p>\r\n<p>We just started chapter 6.&nbsp; All material from chapter 5 should be turned in.&nbsp; Make sure you turn in the worksheet I gave out on Inverses the day we took the chapter 5 test.&nbsp; Also make sure you did today''s worksheet.&nbsp; For the quiz:&nbsp; As long as you got the inverse for the second problem, I''m fine with that.&nbsp; We can touch on how to take the 5th root of something soon.&nbsp;</p>', '2014-03-06', 'Math Class', 'All Week', '2014-03-03', '2014-03-07', 19, '2014-03-03 20:27:34'),
(95, 'Silver-Copper replacement Lab', '<p>Due tomorrow, March 6, 2014!</p>', '2014-03-06', '234', '1st period', '2014-03-05', '2014-03-07', 25, '2014-03-05 18:59:57'),
(96, 'Test Tuesday, March 18th!!!', '<p>We will have a test on Tuesday, March 18th on Chapter 9 material.&nbsp; Study, study, study.&nbsp;</p>', '2014-03-18', 'Jamieson''s Room 126', 'Class time', '2014-03-10', '2014-03-20', 19, '2014-03-07 02:37:02'),
(97, 'Extra Extra!!', '<p><em><strong>Here is a problem I found.&nbsp; This person is giving clues about how old they are.&nbsp; Find out for some extra credit:</strong></em></p>\n<p>I started working at 15.&nbsp; I spent 1/4 of my working life in a factory.&nbsp; I spent 1/5 of my working life in an office, and I spent 1/3 of my working life as a school caretaker.&nbsp; For the last 13 years of my working life I''ve&nbsp; been a chipmunk herder.&nbsp; How old am I?</p>\n<p>&nbsp;</p>\n<p>Write it down.&nbsp; Show work.&nbsp; Thanks.&nbsp;</p>', '2014-03-17', 'Here', 'Now', '2014-03-13', '2014-03-19', 19, '2014-03-16 01:34:59'),
(145, 'TEST de vocabulario', '<p><strong>Evaluaci&oacute;n de vocabulario el viernes 19 de septiembre.</strong></p>', '2014-09-19', 'Clase de español', 'Hora de clase', '2014-09-14', '2014-09-19', 40, '2014-09-15 16:17:38'),
(99, 'Finish up your narratives', '<p>Come in and work on your writing sample-Tuesday from 3:15 to 4:15, Wed during Office Hours, and Thurs 3:15 to 4:15. These are the only times to finish. Writing samples will be sent off at the end of the week.</p>', '2014-03-18', 'Room 159', 'Tues 3:15, Wed 2:15, Thurs 3:15', '2014-03-18', '2014-03-20', 31, '2014-03-18 20:34:07'),
(100, 'March 31', '<p>Module 8 test for 7th period.&nbsp;</p>', '2014-03-31', '244', '7th period', '2014-03-20', '2014-04-01', 20, '2014-03-20 22:14:18'),
(101, 'April 2 Mandatory Meeting & optional Workshop', '<p>Office Hours April 2. you must come to a check in meeting and then you can stay for a writing workshop&nbsp;</p>', '2014-04-02', 'library', 'office hours', '2014-03-21', '2014-04-03', 20, '2014-03-20 22:08:18'),
(248, 'FHS APP is launching! ', '<p>Please support the launch of FHS APP by signing up to receive important announcements from teachers, coaches, and faculty!&nbsp;</p>', '0000-00-00', '', '', '2014-11-10', '2014-11-28', 96, '2014-11-10 20:09:41'),
(249, 'Geometry Retakes', '<p>Remember to retake Geometry tests ASAP.&nbsp; Unit 3 has recently been scored so think about retaking if necessary</p>', '0000-00-00', '', '', '2014-11-10', '2014-11-24', 29, '2014-11-10 23:30:52'),
(103, 'New Announcement', '<p>This is a test</p>', '2014-04-07', 'Here', 'Now', '2014-04-06', '2014-04-09', 1, '2014-04-07 22:33:55'),
(104, 'FST 7-3 QUIZ', '<p>Hey FST Posse! &nbsp;Just a reminder that the best quiz number (FST 7-3) is coming up on Wednesday!</p>\r\n<p>Thx,</p>\r\n<p>Botas</p>', '2014-04-09', '141', '6th and 8th Period', '2014-04-07', '2014-04-09', 28, '2014-04-07 22:35:00'),
(105, 'AP Preparation', '<p>The month of April is AP exam preparation month</p>', '2014-04-07', 'Room 245', 'ALL DAY', '2014-04-07', '2014-04-11', 24, '2014-04-07 22:36:00'),
(106, 'Biology grades', '<p>Be sure to check your grades before the end of the week to make sure you aren''t missing anything before quarter grades.&nbsp;</p>', '0000-00-00', '', '', '2014-04-07', '2014-04-19', 34, '2014-04-07 22:37:00'),
(110, 'Senior Prom', '<p><strong style="font-family: Helvetica, Arial, sans-serif; font-size: 14px;"><span style="line-height: 18.399999618530273px; font-size: 12pt;">Hey Seniors-Prom is coming up on Saturday, April 26th, 2014 at The Refuge PDX.&nbsp; </span></strong></p>\r\n<p><strong style="font-family: Helvetica, Arial, sans-serif; font-size: 14px;"><span style="line-height: 18.399999618530273px; font-size: 12pt;">Tickets will be on sale at LUNCH, near Benji. Cost is $30.00 for singles and $50.00 for couples.&nbsp; Be sure to get your tickets!&nbsp; </span></strong></p>\r\n<p><strong style="font-family: Helvetica, Arial, sans-serif; font-size: 14px;"><span style="line-height: 18.399999618530273px; font-size: 12pt;">Non-FHS guest forms are available on the counter in the VP Office and are due TODAY- Monday, April 21st.&nbsp; </span></strong></p>\r\n<p><strong style="font-family: Helvetica, Arial, sans-serif; font-size: 14px;"><span style="line-height: 18.399999618530273px; font-size: 12pt;">You must turn-in your APPROVED guest form PRIOR to purchasing tickets.&nbsp; See form for rules.</span></strong></p>', '2014-04-21', 'Near Benji', 'Lunch', '2014-04-20', '2014-04-22', 1, '2014-04-20 23:53:15'),
(111, 'Earth Week', '<p><strong style="font-family: Helvetica, Arial, sans-serif; font-size: 14px;"><span style="line-height: 18.399999618530273px; font-size: 12pt;">Earth Club is celebrating Earth Week this week. Stop by Benji during lunch to donate old t-shirts for repurposing or make your very own Earth Week pledge!</span></strong></p>', '0000-00-00', 'Benji', 'All Week', '2014-04-20', '2014-04-26', 1, '2014-04-20 23:54:19'),
(112, 'Early Dismissal Athletics', '<p><strong style="font-family: Helvetica, Arial, sans-serif; font-size: 14px;"><span style="line-height: 18.399999618530273px; font-size: 12pt;">EARLY DISMISSAL for ATHLETICS TODAY- Please dismiss Varsity Softball at 2:40pm for a game at Clinton Park.&nbsp; JV Baseball at 2:55pm for a game at Bloomington.</span></strong></p>', '2014-04-21', '', '2:40 p.m. & 2:55 p.m.', '2014-04-20', '2014-04-22', 1, '2014-04-20 23:55:27'),
(113, 'Senior All Night Party', '<p><strong style="font-family: Helvetica, Arial, sans-serif; font-size: 14px;"><span style="line-height: 18.399999618530273px; font-size: 12pt;">ATTN SENIORS: Sign up for the Senior All Night Party.&nbsp; Have a blast with your Class of 2014 friends on graduation night!&nbsp; Swimming, game room, casino, temporary tattoos, caricatures, and photos; DJ and movies for entertainment.&nbsp; Food is provided.&nbsp; All this, and a second very exciting surprise venue!&nbsp; You will be bussed to two exciting venues, and return to Franklin early Saturday morning.&nbsp; Cost is $50 each, scholarships are available.&nbsp; The forms and payment are due to the office no later than Friday, May 16.&nbsp; Pick up registration forms in the VP Office or check the website for details/forms.</span></strong></p>', '0000-00-00', '', '', '2014-04-20', '2014-05-17', 1, '2014-04-20 23:56:12'),
(114, 'Check YOUR GRADE!  Time is running out!', '<p>It is time to check your grade! &nbsp;Are you passing? &nbsp;How many missing assignments do you have? &nbsp;Last day to turn in any late work will be June 6th, 2014.&nbsp;</p>', '2014-05-07', 'Room 241', '3:15 PM', '2014-05-07', '2014-06-06', 62, '2014-05-07 22:41:44'),
(142, 'This is a test message.  Period 2', 'note to self', '2014-08-28', 'Franklin High Location', 'all day event', '2014-08-27', '2014-08-29', 76, '2014-08-27 22:12:29'),
(148, 'Early Release for Athletics TODAY', '<p>Please dismiss JVII Men''s Soccer at 3:00pm for a game at FHS.</p>\r\n<p>&nbsp;</p>\r\n<p><strong>REMINDER: &nbsp;Backpacks and bags are NOT allowed at PIL Athletic Events. &nbsp;We hope to see you there!</strong></p>', '2014-09-22', 'Franklin High School Upper Soccer Field', '3:00pm', '2014-09-19', '2014-09-23', 22, '2014-09-19 21:13:21'),
(147, 'Test Coming Up!!!', '<p>Unit 0 test will be September 22nd and 23rd. &nbsp;All assignments and quizzes must be completed by Thursday, September 24th.</p>', '2014-09-23', '', '', '2014-09-16', '2014-09-24', 41, '2014-09-16 15:10:42'),
(118, 'Ensayo: borrador para el martes', '<p>escribe un borrador (primera versi&oacute;n) para entregar el martes, el 27 de mayo</p>', '2014-05-27', '', '', '2014-05-23', '2014-05-27', 38, '2014-05-24 20:18:51'),
(119, 'Communication Methods', '<p>Look for the Facebook group Franklin Constitution Team 2015</p>\r\n<p>Join the Celly to get group text messages. &nbsp;Go to this link:&nbsp;<a href="http://cy.tl/1kRoKFN">http://cy.tl/1kRoKFN</a>&nbsp;or text&nbsp;<span style="box-sizing: border-box; font-weight: 600; line-height: 25.600000381469727px; color: #333333; font-family: ''Open Sans''; font-size: 16px; text-align: center; background-color: rgba(248, 248, 238, 0.4);">@FranklinConLaw2015</span><span style="color: #333333; font-family: ''Open Sans''; font-size: 16px; line-height: 25.600000381469727px; text-align: center; background-color: rgba(248, 248, 238, 0.4);">&nbsp; to &nbsp;</span><span style="box-sizing: border-box; font-weight: 600; line-height: 25.600000381469727px; color: #333333; font-family: ''Open Sans''; font-size: 16px; text-align: center; background-color: rgba(248, 248, 238, 0.4);">23559</span></p>', '0000-00-00', '', '', '2014-05-30', '2014-06-06', 23, '2014-05-30 20:30:37'),
(120, 'Meeting Monday', '<p>We will be in the library from 6-8. &nbsp;We will watch videos of past competitions to understand how the competition works, and then have a history lecture from a coach. &nbsp;See you there!</p>', '2014-06-02', 'Franklin Library ', '6:00-8:00pm', '2014-05-30', '2014-06-02', 23, '2014-05-30 20:34:12'),
(121, 'Help register voters at graduation!', '<p>This Friday, the Bus Project will have a table in the gym as the seniors are lining up to graduate to register them to vote as they go. &nbsp;If a few juniors are interested in helping out, Tim Moore from that organization will have Pizza. &nbsp;You would need to be in the gym at 5pm on the 6th. &nbsp;You would still make it to graduation to watch afterwards.</p>', '2014-06-06', 'Franklin Gym', '5pm', '2014-06-03', '2014-06-07', 23, '2014-06-03 23:27:56'),
(122, 'Unit 1 Meeting and Readings ', '<p>Monday June 16th from 6-8 will be the Unit 1 meeting, run by Coach Les. &nbsp;He has prepared some readings, which I have put on the team <a href="https://sites.google.com/site/mshallfranklin/Home/constitution-team-2015">webpage</a>. &nbsp;Please check it out before you come.&nbsp;</p>\r\n<p>&nbsp;</p>\r\n<p>The meetings all summer will be at <a href="http://taborspace.org/">TaborSpace</a> (55th and Belmont).</p>', '2014-06-16', 'TaborSpace ', '6:00-8:00pm', '2014-06-10', '2014-06-16', 23, '2014-06-10 23:40:42'),
(123, 'Unit 2 Summer Meeting', '<p>Get ready to learn about the Constitutional Convention and Unit 2. &nbsp;Check out the <a href="https://sites.google.com/site/mshallfranklin/Home/constitution-team-2015">team website</a> to see the readings (shorter this time). &nbsp;At TaborSpace again on June 30th. &nbsp;See you there!</p>', '2014-06-30', 'TaborSpace ', '6:00-8:00pm', '2014-06-18', '2014-06-30', 23, '2014-06-18 23:01:06'),
(124, 'Test announcement', '<p>There is going to be a thing at a certain time!</p>', '2014-06-23', 'FHS Gym', '5:00pm', '2014-06-20', '2014-06-27', 1, '2014-06-21 18:17:47'),
(125, 'Third Summer Meeting', '<p>Unit 5 Meeting on July 14th! &nbsp;The coaches have divided people into 10 teams to research one Supreme Court case. &nbsp;If you don''t remember your team, check the team <a href="https://sites.google.com/site/mshallfranklin/Home/constitution-team-2015">website</a>. &nbsp;If you need an assignment, email or text Ms. Hall.</p>', '2014-07-14', 'TaborSpace ', '6:00-8:00pm', '2014-07-07', '2014-07-14', 23, '2014-07-08 01:15:46'),
(126, '4th Summer Meeting', '<p>Come and learn about Unit 3! &nbsp;The coaches have created a Scavenger Hunt through the pages of Unit 3. &nbsp;You can find the instructions and the scanned textbook on my <a href="https://sites.google.com/site/mshallfranklin/Home/constitution-team-2015">website</a>. &nbsp;You can work in teams that you choose. &nbsp;</p>', '2014-07-28', 'TaborSpace ', '6:00-8:00pm', '2014-07-15', '2014-07-28', 23, '2014-07-15 17:55:29'),
(227, 'Code Puzzle: Easy', '<p>Test your coding skills! View the code in Codepen and spot the errors. If you need to change the code to find the errors, click "fork" first. E-mail your answer in the form of a list of code issues to&nbsp;<a href="mailto:fhsapp.contact@gmail">fhsapp.contact@gmail</a>.com to recieve a certificate corresponding to your rank! You can present the certificate at the FHS App launch on November 20th to recieve a prize, or complete more puzzles to increase your rank!</p>\r\n<p>Codepen Link:&nbsp;<span style="font-family: ''Segoe UI'', helvetica, arial, sans-serif; font-size: 14px; line-height: 20px; background-color: #ffffcc;"><a href="http://codepen.io/john_explosion/pen/kcrDb">http://codepen.io/john_explosion/pen/kcrDb</a></span></p>\r\n<p>&nbsp;</p>', '0000-00-00', '', '', '2014-11-12', '2014-12-01', 127, '2014-11-08 22:00:39'),
(128, 'This is a test announcement for Sunday.', '<p>hey hey hey!</p>', '0000-00-00', '', '', '2014-07-26', '2014-08-03', 1, '2014-07-27 20:26:08'),
(144, 'TEST de vocabulario', '<p><strong>Evaluaci&oacute;n de vocabulario el pr&oacute;ximo jueves 18 de septiembre.</strong></p>', '2014-09-18', 'Clase de español', 'Hora de clase', '2014-09-14', '2014-09-15', 40, '2014-09-15 19:53:44'),
(130, 'Unit 4 Summer Meeting ', '<p>You will be debating on federalism, gay marriage and marijuana to learn about Unit 4. &nbsp;All the research has been done for you - find the materials on the <a href="https://sites.google.com/site/mshallfranklin/Home/constitution-team-2015">website</a>. &nbsp;If you haven''t been assigned to a team, contact Ms. Hall.</p>', '2014-08-11', 'TaborSpace ', '6:00-8:00pm', '2014-07-31', '2014-08-11', 23, '2014-07-31 20:38:37'),
(131, 'TaborSpace Clean Up Day - need volunteers', '<p>To thank the people of TaborSpace for letting us meet their this summer, they have asked us to do some yard work (cleaning out dead branches in their bushes. &nbsp;Come on by for an hour and half/two hours and get pizza when you finish! &nbsp;Even if you haven''t come to any of the summer meetings, it would help us out so please come! See you Thursday morning!</p>', '2014-08-28', 'TaborSpace ', '11:00am-1:00pm', '2014-08-27', '2014-08-28', 23, '2014-08-27 17:42:01'),
(133, 'my birthday', '<p>happy birthday!!</p>', '0000-00-00', '', '', '2014-08-27', '2014-08-28', 95, '2014-08-27 20:47:33'),
(134, 'Welcome!', '<p>Welcome to the new FHS App! &nbsp;Have fun with poetry!</p>', '0000-00-00', '', '', '2014-11-10', '2014-11-21', 53, '2014-11-10 23:34:05'),
(135, 'US History textbook is online!', '<p>To see your textbook go to <a href="http://www.learntci.com">www.learntci.com</a>&nbsp;and sign up. You need my email to get started. kpolis@pps.net</p>', '0000-00-00', '', '', '2014-08-27', '2014-09-12', 80, '2014-08-27 21:12:17'),
(136, 'Russian Club Meeting!', '<p>Our first Russian Club meeting will be at lunch on THURSDAY Sept 11!&nbsp; Come to room 267.&nbsp; All are welcome!</p>', '2014-09-11', 'rm 267', 'lunch', '2014-09-02', '2014-09-12', 64, '2014-08-28 15:33:39'),
(218, 'Work for the week starting November 2nd', '<div style="font-size: 18.1818180084229px; line-height: 22.7272720336914px; font-family: Verdana, Helvetica, Arial, sans-serif;">\r\n<div><strong>Online Practice Work:&nbsp;</strong><a style="color: #280d4e !important;" href="http://www.quia.com/quiz/4996347.html" rel="nofollow">Chapter 8 -&nbsp;Learning: Operant Conditioning,&nbsp;<span style="font-size: 18.1818180084229px; background-color: transparent;">Observation, and Modeling</span></a><span style="font-size: 18.1818180084229px; background-color: transparent;">&nbsp;</span></div>\r\n<div><span style="font-size: small; background-color: transparent;">(pages 326-346)</span></div>\r\n<div><span style="color: #ff0000; font-size: medium; text-decoration: underline;">Reading</span><span style="color: #ff0000; font-size: medium;">&nbsp;and&nbsp;</span><span style="color: #ff0000; font-size: medium; text-decoration: underline;">Practice&nbsp;Work</span><span style="color: #ff0000; font-size: medium;">&nbsp;should be completed by</span><span style="color: #ff0000; font-size: medium;">:&nbsp;</span><strong style="color: #ff0000; font-size: medium;">Nov 3rd</strong><span style="color: #ff0000; font-size: medium;">&nbsp;for "A" day classes,&nbsp;</span><strong style="color: #ff0000; font-size: medium; line-height: 22px;">Nov 3rd</strong>&nbsp;<span style="color: #ff0000; font-size: medium;">&nbsp;for "B" day classes</span></div>\r\n</div>\r\n<div style="font-size: 18.1818180084229px; line-height: 22.7272720336914px; font-family: Verdana, Helvetica, Arial, sans-serif;">&nbsp;</div>\r\n<div style="font-size: 18.1818180084229px; line-height: 22.7272720336914px; font-family: Verdana, Helvetica, Arial, sans-serif;">&nbsp;</div>\r\n<div style="font-size: 18.1818180084229px; line-height: 22.7272720336914px; font-family: Verdana, Helvetica, Arial, sans-serif;">\r\n<div style="font-size: 18.1818180084229px; line-height: 22.7272720336914px;">\r\n<div><strong>Online Practice Work:&nbsp;</strong>Chapter 8 -&nbsp;Learning: Operant,&nbsp;<span style="font-size: 18.1818180084229px; background-color: transparent;">Observation, and Modeling</span><span style="font-size: 18.1818180084229px; background-color: transparent;">&nbsp;(continued)</span></div>\r\n<div><strong style="color: #ff0000; font-size: medium;">Nov 4th</strong><span style="color: #ff0000; font-size: medium;">&nbsp;for "A" day classes,&nbsp;</span><strong style="color: #ff0000; font-size: medium; line-height: 22px;">Nov 5th</strong>&nbsp;<span style="color: #ff0000; font-size: medium;">&nbsp;for "B" day classes</span></div>\r\n</div>\r\n<div style="font-size: 18.1818180084229px; line-height: 22.7272720336914px;">&nbsp;</div>\r\n</div>\r\n<div style="font-size: 18.1818180084229px; line-height: 22.7272720336914px; font-family: Verdana, Helvetica, Arial, sans-serif;">&nbsp;</div>\r\n<div style="font-size: 15.5555562973022px; line-height: 24.8888893127441px; font-family: Verdana, Helvetica, Arial, sans-serif;">\r\n<div style="font-size: 18.1818180084229px; line-height: 22.7272720336914px;"><strong style="font-size: medium; line-height: 22px; background-color: #ffff00;">Exam #4:&nbsp;</strong><span style="font-size: 18.1818180084229px; line-height: 22.7272720336914px; background-color: #ffff00;"><strong style="font-size: medium; line-height: 22px;">&nbsp;</strong></span><strong style="font-size: medium; line-height: 22.7272720336914px; background-color: #ffff00;">Nov 6th</strong><span style="font-size: medium; line-height: 22.7272720336914px; background-color: #ffff00;">&nbsp;for "A" day classes,&nbsp;</span><span style="font-family: ''Open Sans'', sans-serif; font-size: 15.5555562973022px; line-height: 24.4444446563721px; background-color: #ffff00;"><strong style="font-size: medium; font-family: Verdana, Helvetica, Arial, sans-serif; line-height: 22px;">Nov 7th</strong><span style="font-family: Verdana, Helvetica, Arial, sans-serif; font-size: 17.7777786254883px; line-height: 22.7256946563721px;">&nbsp;</span><span style="font-size: medium; font-family: Verdana, Helvetica, Arial, sans-serif; line-height: 22.7256946563721px;">&nbsp;for "B" day classes</span></span></div>\r\n</div>', '0000-00-00', '', '', '2014-11-02', '2014-11-08', 24, '2014-11-01 20:34:49'),
(138, 'Welcome Back!', '<p>Welcome Back, Quakers! I look forward to working with old and new students this school year of 2014/2015.&nbsp;</p>', '0000-00-00', '', '', '2014-08-27', '2014-09-04', 33, '2014-08-27 21:29:09'),
(139, 'Welcome Back!', '<p>Welcome back, Quakers. I look forward to working with you this year.</p>', '0000-00-00', '', '', '2014-08-27', '2014-09-05', 51, '2014-08-27 21:29:11'),
(140, 'Welcome student government!', '<p>I''m looking forward to meeting you all next week! - Ms. Amador</p>', '0000-00-00', '', '', '2014-08-27', '2014-08-31', 96, '2014-08-27 21:42:10'),
(141, 'Schedule Pickup', '<p>Make sure and pickup your up to date schedule on colored paper in the gym on Tues.(A day) and Weds. (B day).&nbsp; You must have this newest schedule on colored paper to go to your classes.&nbsp; An older white schedule will not work.</p>', '2014-09-02', 'Gym (or counseling)', '', '2014-08-27', '2014-09-03', 44, '2014-08-27 21:56:20'),
(143, 'Scheduling Update!!!', '<p>Hey beloved juniors and seniors! &nbsp;You will be receiving your schedules Thursday or Friday...remember to pick them up on Tuesday morning between 7:30-8:00 am...if you have a change request, please pick up a form and we will begin working on them after we get our new students registered and in their schedules next week.</p>\r\n<p>Remember that some classes are only offered during certain times of the day, so asking to change an early release or late start may or may not be feasible. &nbsp;Also, any requests to drop an AP class or core class will go through our new principal and may take several days up to a week. &nbsp;As you know, we are strict about the reasons you want to change classes as we want you to be prepared for college! &nbsp;</p>\r\n<p>Parent signatures are required for any change.</p>', '0000-00-00', '', '', '2014-08-27', '2014-09-05', 97, '2014-08-27 22:15:20'),
(221, 'ALL RETAKES DUE!', '<p>Regardless of the senior meeting during tutorial, all Unit 1 test retakes and Unit 2 Quiz retakes are due by 3:15 on Thursday. &nbsp;Please plan accordingly. &nbsp;I will be here until 4:00 today and will be here at 7:30 tomorrow morning.</p>', '0000-00-00', '', '', '2014-11-05', '2014-11-06', 41, '2014-11-05 17:51:47'),
(155, 'GET YOUR QUAKER GEAR!', '<p>Need to brag your Quaker swag? Stop by the office or the Quaker Nation Station and pick up an order form for some wonderful discounted Franklin apparel. The online store includes some great customized Nike and Lids items. &nbsp;Don&rsquo;t wait; the online store will only be open until September 22nd to facilitate order processing in time for the Fall season.&nbsp;</p>', '2014-09-22', '', '', '2014-09-19', '2014-09-23', 22, '2014-09-19 21:49:09'),
(156, 'Do you want to START a CLUB?', '<p>Attention all students interested in starting or continuing a club this year: You must submit a completed charter form each year. Pick up the application from room 109 and turn it in by the 23rd so you can have a table at the Club Fair. The fair is on Thursday, September 25th during tutorial. See Amber in 109 if you have questions.</p>\r\n<p>&nbsp;</p>', '2014-09-23', '', '', '2014-09-19', '2014-09-24', 22, '2014-09-19 21:51:15'),
(157, 'WIN $5.00 with your QUAKER PRIDE', '<p>Wanna win $5.00 by just wearing maroon? &nbsp;EVERY FRIDAY during football season, show your QUAKER PRIDE by wearing MAROON and you&rsquo;ll get a chance at $5.00! &nbsp;So, don&rsquo;t forget to wear MAROON on EVERY QUAKER FRIDAY!</p>', '2014-09-19', '', '', '2014-09-19', '2014-11-03', 22, '2014-09-19 21:55:26'),
(158, 'SCIENCE BOWL MEETING', '<p>1st Science Bowl meeting is Tuesday, September 23rd at lunch in Ms. Biagini&rsquo;s Room # 234 and every Tuesday at lunch.</p>', '0000-00-00', 'Ms. Biagini''s Room # 234', '', '2014-09-19', '2015-04-24', 22, '2014-09-19 21:58:02'),
(151, 'Attn:  Students/Parents-Guardians-Free and Reduced Lunch Forms ARE DUE!', '<p>Attn: &nbsp;Students/Parents-Guardians-Free and Reduced forms are due BY October 8th. &nbsp;Please fill out a NEW application for this school year, they are available online or you can pick up a hard copy in the Cafeteria or Office. &nbsp;Meals will go to FULL PRICE on the 8th.</p>\r\n<p>Once APPROVED, please SAVE your APPROVAL LETTER for confirmation of your Free/Reduced status. &nbsp;This is the letter that you will need to receive reduced prices on SPORTS FEES, NIGHT SCHOOL, TESTING FEES, ETC. &nbsp;The Cafeteria Staff is unable to give out the Eligibility forms at this time so you will need to call 503-916-3402 to get a replacement letter mailed to you.</p>', '2014-10-08', '', '', '2014-09-19', '2014-10-09', 22, '2014-09-19 21:21:39'),
(152, 'SENIORS', '<p><strong>Senior photos will be due in January 2015. &nbsp;More details to come later in the fall. &nbsp;</strong></p>', '2014-09-26', '', '', '2014-09-19', '2014-09-29', 22, '2014-09-19 21:40:41'),
(153, 'POWDERTUFF VOLLEYBALL', '<p>Hey boys, interested in wearing short shorts? Powdertuff Volleyball applications are due Oct.1st and available in the main office. &nbsp;Sign up today!!</p>\r\n<p>&nbsp;</p>', '2014-10-24', 'FHS GYM', '7:00pm', '2014-09-19', '2014-10-02', 22, '2014-09-19 21:44:34'),
(154, 'Attn:  FRESHMAN Join ASB!', '<p>Freshman if you&rsquo;re looking to get involved; join ASB Student Government! &nbsp;The application deadline has been extended until Monday, September 22nd. &nbsp;Applications are in the office or in Ms. Amador&rsquo;s Room # 257.</p>', '2014-09-22', '', '', '2014-09-19', '2014-09-23', 22, '2014-09-19 21:47:20'),
(159, 'QSA MEETING', '<p>Join the QSA in our new home for the year - Ms. Vinger''s room, #254 every Thursday, at lunch. &nbsp;</p>', '0000-00-00', 'Ms. Vinger''s Room # 254', 'LUNCH Time', '2014-09-19', '2015-06-12', 22, '2014-09-19 22:00:07'),
(160, 'PROJECT OPTIONS IS BACK!', '<p>PROJECT OPTIONS IS BACK! Learn how to plan a good time so you don''t end up in trouble and learn the truths about alcohol effects and discuss real life situations. Project Options is here <strong>during lunch in Room 136 on Mondays and Thursday</strong>s. Come hang out, eat pizza, and get a free gift card. &nbsp;</p>', '2014-09-18', 'Room 136', 'LUNCH Time', '2014-09-19', '2015-06-12', 22, '2014-09-19 22:02:05'),
(161, 'Stop the Trade Club', '<p>Do you want to take a stand? Do you want to advocate against human trafficking? Do you want to educate others of MODERN world slavery? Do you want to put an end to the corruptness of society? Or do you want to learn more about this issue? <strong>Then join stop the trade club! There will be a club fair on September 25 after school!</strong></p>', '2014-09-25', 'FHS Hallway ', '2:30pm', '2014-09-19', '2014-09-26', 22, '2014-09-19 22:04:01'),
(162, 'ZIBA DESIGN', '<p><strong>Are you interested in Design, Digital Art, Communication and Innovation?</strong> Come to spend a morning at Ziba Design! Tour the office and learn what skills, experience and education are necessary to pursue a career in the design industry. Ziba is a design and innovation consultancy that employs experts in: product, industrial and interior design. Interior architecture, digital art and more! <strong>See your career coordinator to complete an application NOW! Space is very limited!</strong></p>', '2014-10-24', 'Ziba Design', '', '2014-09-19', '2014-10-24', 22, '2014-09-19 22:06:36'),
(163, 'JOBS 101 After School Class to begin', '<p><strong>The after-school Jobs 101 class will be starting on Monday, September 29th.</strong> You can earn a .5 elective credit, learn how to write a resume, interview, fill out job applications, search for jobs and you may even earn a paid internship! Class is Mondays from 3:30-5pm and runs through January. <strong>Space is limited so pick up an application in 109 soon!</strong></p>', '2014-09-29', 'FHS ', '3:30pm-5:00pm', '2014-09-19', '2014-09-30', 22, '2014-09-19 22:08:57'),
(164, 'ACE MENTOR PROGRAM', '<p><strong>Attention all students interested in Architecture, Construction management, Engineering, Design, Working with your hands, Being part of a team or just Figuring out how things work&hellip;!!!</strong> The ACE Mentor Program has been designed to help you to explore new careers, turn creativity into reality and develop teamwork. ACE gives you the opportunity to work directly with practicing professionals in the Architecture, Construction and Engineering career fields; visit multiple professional workplaces; collaborate with a team of mentors and students on a building design project and more. <strong>ACE Mentor Program application window is open NOW! Hurry up! Pick up an application in room 108 today!</strong></p>', '2014-09-12', '', '', '2014-09-19', '2014-10-17', 22, '2014-09-19 22:10:35'),
(165, 'OHSU VOLUNTEER EXPERIENCE', '<p><strong>Attention students interested in Health careers! OHSU is hosting an exciting conference on October and is recruiting interested high school students who would consider volunteering some time at the conference.</strong> Volunteer will be assisting with the following tasks &ndash; Assisting Exhibitors/Set-up, Managing registration desk, etc. If this interests you, the benefit for students would be getting some ultrasound knowledge and opportunities to develop collaborative ties across the globe they might not otherwise come in contact with.<strong> Talk to Raquel in room 108 about the registration ASAP!!!</strong></p>', '0000-00-00', 'OHSU', '', '2014-09-19', '2014-10-31', 22, '2014-09-19 22:12:28'),
(166, 'PORTLAND FIRE EXPLORER PROGRAM for WOMEN', '<p><strong>Attention girls!!! Are you a young woman between the ages of 16 and 19? Want to learn about a career in firefighting?</strong> Apply NOW for the Portland Fire Explorer Program for women. Explorers participating in the Program will be able to build Skills, Confidence, Leadership, and Teamwork in a Fire Service Environment. Explorers will experience:</p>\r\n<p>&bull; Hands-on fire ground training</p>\r\n<p>&bull; Emergency medical response training</p>\r\n<p>&bull; Ride along opportunities&hellip;and more!&nbsp;</p>\r\n<p><strong>Application Deadline is October 4, 2014. Talk to Raquel in room 108 if you want to apply!</strong></p>\r\n<p>&nbsp;</p>', '2014-10-04', '', '', '2014-09-19', '2014-10-06', 22, '2014-09-19 22:14:11'),
(167, 'MANUFACTURING CAREER DAY', '<p><strong>National Manufacturing Career Day is October 3rd!</strong> &nbsp;Join us for a Manufacturing Day Bus Tour open to all students interested in a career in manufacturing. Students will visit and tour three different manufacturers in the region from Kraft Foods, to Gunderson, Vigor and Boeing. Manufacturing hosts will provide tours as well as information from hiring managers and employees&rsquo; personal career pathways. Lunch and transportation will be provided. <strong>Pick up an application in room 108 ASAP! Space is limited.</strong></p>', '2014-10-03', 'Room 108', '', '2014-09-19', '2014-10-06', 22, '2014-09-19 22:16:13'),
(168, 'CURRENT/FORMER FOSTERED YOUTH EDUCATION RESOURCES', '<p><strong>Post-Secondary Resources for Students from Foster Care:</strong> Current and former foster youth may be eligible to receive assistance with their postsecondary education and training needs. Youth from foster care can receive up to $3000 a year to help with the cost of attending an eligible post-secondary institution including: college, university and vocational or trade school. <strong>If you have questions or you think you qualify, talk to your Counselor right away!</strong></p>', '2014-10-23', '', '', '2014-09-19', '2014-10-31', 22, '2014-09-19 22:19:03'),
(169, 'ARCHITECTURE CAREER DAY', '<p><strong>ZGF, the largest architectural firm in Oregon is opening its doors for the ARCHITECTURE CAREER DAY!</strong> &nbsp;If you are interested in Architecture, Landscape Architecture, Interior or Urban Design, this is your opportunity. Students will learn about the architecture industry, tour the ZGF offices, participate in a tour to look at various building styles in downtown Portland, and participate in a team activity to design a school. <strong>This opportunity is for all students! But space is limited - apply today! See Raquel in room 108 today!</strong></p>\r\n<p>&nbsp;</p>', '2014-10-24', 'Room  108', '', '2014-09-19', '2014-10-31', 22, '2014-09-19 22:22:24'),
(170, 'UPCOMING COLLEGE VISITS TO FHS', '<p>&bull;Friday, September 26th at 10:00 am: Lewis &amp; Clark College (room 108)</p>\r\n<p>&bull;Monday, September 29th at 1:30 pm: Pacific Lutheran University (room 108)</p>\r\n<p>&bull;Tuesday, September 30th at 10:30 am: George Fox University (room 108)</p>\r\n<p><strong>More schools are added each week &ndash; keep abreast of visits through your Naviance account and on the FHS website.</strong></p>\r\n<p>&nbsp;</p>', '0000-00-00', 'Room 108', '', '2014-09-19', '2015-06-19', 22, '2014-09-19 22:24:11'),
(171, 'Advanced Scholar Program', '<p>Please bring back your Advanced Scholar Program forms right away! Mentor groups are being made as I write:)</p>', '0000-00-00', 'Room 160', '', '2014-09-23', '2014-09-26', 52, '2014-09-23 22:27:39'),
(172, 'Work for the week starting September 28th', '<h1><strong>Exam: Sept. 30th</strong></h1>\r\n<div style="font-family: ''Open Sans'', sans-serif; font-size: 16px; line-height: 24.4444446563721px;">\r\n<div>\r\n<div style="text-align: center;">\r\n<div style="font-family: Verdana, Helvetica, Arial, sans-serif; font-size: 18.1818180084229px; text-align: left; line-height: 22.7272720336914px;">&nbsp;</div>\r\n<div style="font-family: Verdana, Helvetica, Arial, sans-serif; font-size: 18.1818180084229px; text-align: left; line-height: 22.7272720336914px;"><strong>Online Practice Work: &nbsp;</strong><span style="color: #280d4e;">Chapter 7 -&nbsp;States of Consciousness</span>&nbsp;<span style="font-size: small;">(pages 271-285)</span></div>\r\n<div style="font-family: Verdana, Helvetica, Arial, sans-serif; text-align: left; line-height: 22.7272720336914px;"><span style="font-size: medium; color: #ff0000; text-decoration: underline;">Reading</span><span style="font-size: medium; color: #ff0000;">&nbsp;and&nbsp;</span><span style="font-size: medium; color: #ff0000; text-decoration: underline;">Practice&nbsp;Work</span><span style="font-size: medium; color: #ff0000;">&nbsp;should be completed by</span><span style="font-size: medium; color: #ff0000;">:&nbsp;</span><strong style="font-size: medium; color: #ff0000;">Oct 2nd</strong><span style="font-size: medium; color: #ff0000;"><br /></span></div>\r\n<div style="font-family: Verdana, Helvetica, Arial, sans-serif; text-align: left; line-height: 22.7272720336914px;"><a href="http://www.quia.com/quiz/4872568.html"><strong style="font-size: medium; color: #ff0000;">Link for Practice Work</strong></a></div>\r\n<div style="font-family: Verdana, Helvetica, Arial, sans-serif; font-size: 18.1818180084229px; text-align: left; line-height: 22.7272720336914px;"><strong style="font-size: medium; line-height: 22px; background-color: #ead1dc;">&nbsp;</strong></div>\r\n</div>\r\n</div>\r\n<div>&nbsp;</div>\r\n<div>\r\n<div style="font-family: Verdana, Helvetica, Arial, sans-serif; font-size: 18.1818180084229px; line-height: 22.7272720336914px;">\r\n<div><strong>&nbsp;</strong></div>\r\n<div>&nbsp;</div>\r\n</div>\r\n</div>\r\n</div>', '0000-00-00', '', '', '2014-09-28', '2014-10-03', 24, '2014-09-28 16:13:18'),
(173, 'Work for the week starting September 28th', '<h1><strong>Exam: October 1st</strong></h1>\r\n<div style="font-family: ''Open Sans'', sans-serif; font-size: 16px; line-height: 24.4444446563721px;">\r\n<div style="text-align: center;">\r\n<div style="font-family: Verdana, Helvetica, Arial, sans-serif; font-size: 18.1818180084229px; text-align: left; line-height: 22.7272720336914px;">&nbsp;</div>\r\n<div style="font-family: Verdana, Helvetica, Arial, sans-serif; font-size: 18.1818180084229px; text-align: left; line-height: 22.7272720336914px;"><strong>Online Practice Work: &nbsp;</strong><span style="color: #280d4e;">Chapter 7 -&nbsp;States of Consciousness</span>&nbsp;<span style="font-size: small;">(pages 271-285)</span></div>\r\n<div style="font-family: Verdana, Helvetica, Arial, sans-serif; text-align: left; line-height: 22.7272720336914px;"><span style="font-size: medium; color: #ff0000; text-decoration: underline;">Reading</span><span style="font-size: medium; color: #ff0000;">&nbsp;and&nbsp;</span><span style="font-size: medium; color: #ff0000; text-decoration: underline;">Practice&nbsp;Work</span><span style="font-size: medium; color: #ff0000;">&nbsp;should be completed by</span><span style="font-size: medium; color: #ff0000;">:&nbsp;</span><strong style="font-size: medium; color: #ff0000;">Oct 3rd</strong></div>\r\n<div style="font-family: Verdana, Helvetica, Arial, sans-serif; text-align: left; line-height: 22.7272720336914px;"><a href="http://www.quia.com/quiz/4872568.html"><strong style="font-size: medium; color: #ff0000;">Link for Practice Work</strong></a></div>\r\n</div>\r\n</div>', '0000-00-00', '', '', '2014-09-28', '2014-10-04', 24, '2014-09-28 16:12:46'),
(174, 'Work for the week starting September 28th', '<div style="font-family: Verdana, Helvetica, Arial, sans-serif; font-size: 18.1818180084229px; line-height: 22.7272720336914px;"><strong>Online Practice Work: &nbsp;</strong><span style="color: #280d4e;">Module 4 -&nbsp;Nervous System and the Endocrine System</span></div>\r\n<div style="font-size: 16px; font-family: Verdana, Helvetica, Arial, sans-serif; line-height: 22.7272720336914px;"><span style="font-size: medium; color: #ff0000; text-decoration: underline;">Reading</span><span style="font-size: medium; color: #ff0000;">&nbsp;and&nbsp;</span><span style="font-size: medium; color: #ff0000; text-decoration: underline;">Practice&nbsp;Work</span><span style="font-size: medium; color: #ff0000;">&nbsp;should be completed by</span><span style="font-size: medium; color: #ff0000;">:&nbsp;</span><strong style="font-size: medium; line-height: 22.7272720336914px; color: #ff0000; background-color: transparent;">Oct 2nd</strong></div>\r\n<div style="font-size: 16px; font-family: Verdana, Helvetica, Arial, sans-serif; line-height: 22.7272720336914px;"><a href="https://drive.google.com/file/d/0B0Dk3eY0YLokUU1TMmwtZU4xNXc/view?usp=sharing"><strong style="font-size: medium; line-height: 22.7272720336914px; color: #ff0000; background-color: transparent;">Link for Reading</strong></a></div>\r\n<div style="font-size: 16px; font-family: Verdana, Helvetica, Arial, sans-serif; line-height: 22.7272720336914px;"><a href="http://www.quia.com/quiz/4870704.html"><strong style="font-size: medium; line-height: 22.7272720336914px; color: #ff0000; background-color: transparent;">Link for Practice Work</strong></a></div>\r\n<div style="font-size: 16px; font-family: Verdana, Helvetica, Arial, sans-serif; line-height: 22.7272720336914px;"><strong style="font-size: medium;"><span style="color: #9900ff;">Quiz: Oct 2nd</span></strong></div>\r\n<div style="font-size: 16px; font-family: Verdana, Helvetica, Arial, sans-serif; line-height: 22.7272720336914px;"><strong style="font-size: medium;"><span style="background-color: #00ff00;">Test - Oct 13</span></strong></div>', '0000-00-00', '', '', '2014-09-28', '2014-10-04', 24, '2014-09-28 21:16:23'),
(175, 'Work for the week starting September 28th', '<div style="font-family: Verdana, Helvetica, Arial, sans-serif; font-size: 18.1818180084229px; line-height: 22.7272720336914px;"><strong>Online Practice Work: &nbsp;</strong><span style="color: #280d4e;">Module 4 -&nbsp;Nervous System and the Endocrine System</span></div>\r\n<div style="font-size: 16px; font-family: Verdana, Helvetica, Arial, sans-serif; line-height: 22.7272720336914px;"><span style="font-size: medium; color: #ff0000; text-decoration: underline;">Reading</span><span style="font-size: medium; color: #ff0000;">&nbsp;and&nbsp;</span><span style="font-size: medium; color: #ff0000; text-decoration: underline;">Practice&nbsp;Work</span><span style="font-size: medium; color: #ff0000;">&nbsp;should be completed by</span><span style="font-size: medium; color: #ff0000;">:&nbsp;</span><strong style="font-size: medium; line-height: 22.7272720336914px; color: #ff0000; background-color: transparent;">Oct 3rd</strong></div>\r\n<div style="font-size: 16px; font-family: Verdana, Helvetica, Arial, sans-serif; line-height: 22.7272720336914px;"><a href="https://drive.google.com/file/d/0B0Dk3eY0YLokUU1TMmwtZU4xNXc/view?usp=sharing"><strong style="font-size: medium; line-height: 22.7272720336914px; color: #ff0000; background-color: transparent;">Link for Reading</strong></a></div>\r\n<div style="font-size: 16px; font-family: Verdana, Helvetica, Arial, sans-serif; line-height: 22.7272720336914px;"><a href="http://www.quia.com/quiz/4870704.html"><strong style="font-size: medium; line-height: 22.7272720336914px; color: #ff0000; background-color: transparent;">Link for Practice Work</strong></a></div>\r\n<div style="font-size: 16px; font-family: Verdana, Helvetica, Arial, sans-serif; line-height: 22.7272720336914px;"><strong style="font-size: medium;"><span style="color: #9900ff;">Quiz: Oct 3rd</span></strong></div>\r\n<div style="font-size: 16px; font-family: Verdana, Helvetica, Arial, sans-serif; line-height: 22.7272720336914px;"><strong style="font-size: medium;"><span style="background-color: #00ff00;">Test - Oct 13</span></strong></div>', '0000-00-00', '', '', '2014-09-28', '2014-10-04', 24, '2014-09-28 21:15:15'),
(176, 'The Tutoring Center is OPEN!', '<p>The Tutoring Center in Room 108 is open for business. &nbsp;We are located in Room 108. &nbsp;There will be multiple tutors available Monday through Thursday. &nbsp;Our hours are: Monday - Wednesday 3:15-5:00 and Thursday 2:30-4</p>\r\n<p>Stop by, tackle your work, have fun, and enjoy focused company.- Cat Zalanka, Tutoring Center Coordinator</p>', '0000-00-00', 'Room 108', 'After School', '2014-09-29', '2014-10-29', 111, '2014-09-29 21:12:18'),
(177, 'Need help planning for college?', '<p>ASPIRE is a program open to all students at all grade levels. &nbsp;We are here to help you make plans for your education after high school. &nbsp;Students work with trained mentors from the community throughout the school day and after school. Stop by Room 108 to find out more and to pick up a Permission Form (a requirement to be placed with a mentor). &nbsp;Best, Cat Zalanka ASPIRE Coordinator</p>', '0000-00-00', 'Room 108', '', '2014-09-29', '2014-10-29', 111, '2014-09-29 21:14:33'),
(178, 'ASP Mentor Groups are now posted!!!!!!!!!!!!!!', '<p>ASP Mentor groups are now posted on the door near 160 (across from counseling). Please come and check your group. Several teachers left the school or retired. Several wonderful teachers and our new Principal and VP have joined as mentors. Come and check it out!</p>', '0000-00-00', '160', '', '2014-10-02', '2014-10-08', 52, '2014-10-02 20:50:22');
INSERT INTO `announcements` (`id`, `title`, `description`, `date`, `location`, `time`, `start_date`, `end_date`, `author`, `timestamp`) VALUES
(179, 'ASP Meeting Thursday Oct 9th/Tutorial', '<p>Our next Mandatory ASP meeting will take place on October 9th during tutorial. Go directly to the auditorium. You will then go back to your mentor''s room for activities.</p>', '2014-10-09', 'Auditorium', '2:33', '2014-10-02', '2014-10-09', 52, '2014-10-02 20:52:08'),
(180, 'Work for the week starting October 5th', '<div style="font-family: ''Open Sans'', sans-serif; font-size: 15.5555562973022px; line-height: 24.4444446563721px;">\r\n<div style="font-family: Verdana, Helvetica, Arial, sans-serif; font-size: 18.1818180084229px; line-height: 22.7272720336914px;">\r\n<div><strong style="font-size: medium; line-height: 22px; background-color: #ffff00;">Exam #3:&nbsp;</strong><span style="font-size: 18.1818180084229px; line-height: 22.7272720336914px; background-color: #ffff00;"><strong style="font-size: medium; line-height: 22px;">&nbsp;</strong></span><strong style="line-height: 22.7272720336914px; font-size: medium; background-color: #ffff00;">Oct 13th</strong><span style="line-height: 22.7272720336914px; font-size: medium; background-color: #ffff00;">&nbsp;for "A" day classes,&nbsp;</span><span style="font-family: ''Open Sans'', sans-serif; font-size: 15.5555562973022px; line-height: 24.4444446563721px; background-color: #ffff00;"><strong style="font-size: medium; font-family: Verdana, Helvetica, Arial, sans-serif; line-height: 22px;">Oct 13th</strong><span style="font-family: Verdana, Helvetica, Arial, sans-serif; font-size: 17.7777786254883px; line-height: 22.7256946563721px;">&nbsp;</span><span style="font-size: medium; font-family: Verdana, Helvetica, Arial, sans-serif; line-height: 22.7256946563721px;">&nbsp;for "B" day classes</span></span><span style="font-size: medium; line-height: 22.7256946563721px; background-color: transparent;">&nbsp;</span></div>\r\n<div>&nbsp;</div>\r\n<div><strong>Online Practice Work:&nbsp;</strong><a style="color: #280d4e !important;" href="http://www.quia.com/quiz/4872632.html" rel="nofollow">Chapter 7 - Consciousness: Dreams, Hypnosis</a>&nbsp;<span style="font-size: small;">(pages 285-295)</span></div>\r\n<div>\r\n<div style="font-size: 18.1818180084229px;"><span style="color: #ff0000; font-size: medium; text-decoration: underline;">Reading</span><span style="color: #ff0000; font-size: medium;">&nbsp;and&nbsp;</span><span style="color: #ff0000; font-size: medium; text-decoration: underline;">Practice&nbsp;Work</span><span style="color: #ff0000; font-size: medium;">&nbsp;should be completed by</span><span style="color: #ff0000; font-size: medium;">:&nbsp;</span><strong style="color: #ff0000; font-size: medium;">Oct 6th</strong><span style="color: #ff0000; font-size: medium;">&nbsp;for "A" day classes,&nbsp;</span><strong style="color: #ff0000; font-size: medium; line-height: 22px;">Oct 6th</strong>&nbsp;<span style="color: #ff0000; font-size: medium;">&nbsp;for "B" day classes</span></div>\r\n<div style="font-size: 18.1818180084229px;">&nbsp;</div>\r\n</div>\r\n<div><strong>Online Practice Work:&nbsp;</strong><a style="color: #280d4e !important;" href="http://www.quia.com/quiz/4872653.html" rel="nofollow">Chapter 7 - Consciousness: Drug Effects and NDEs</a>&nbsp;<span style="font-size: small;">(pages 296-310)</span></div>\r\n<div><span style="color: #ff0000; font-size: medium; text-decoration: underline;">Reading</span><span style="color: #ff0000; font-size: medium;">&nbsp;and&nbsp;</span><span style="color: #ff0000; font-size: medium; text-decoration: underline;">Practice&nbsp;Work</span><span style="color: #ff0000; font-size: medium;">&nbsp;should be completed by</span><span style="color: #ff0000; font-size: medium;">:&nbsp;<strong>Oct 7t</strong></span><strong style="color: #ff0000; font-size: medium;">h</strong><span style="color: #ff0000; font-size: medium;">&nbsp;for "A" day classes,&nbsp;</span><strong style="color: #ff0000; font-size: medium; line-height: 22px;">Oct 8th</strong>&nbsp;<span style="color: #ff0000; font-size: medium;">&nbsp;for "B" day classes</span></div>\r\n</div>\r\n</div>', '0000-00-00', '', '', '2014-10-04', '2014-10-11', 24, '2014-10-04 20:17:24'),
(181, 'Work for the week starting October 5th', '<div style="font-family: Verdana, Helvetica, Arial, sans-serif; font-size: 18.1818180084229px; line-height: 22.7272720336914px;"><span style="background-color: #d9ead3;">Reading for Module 4:&nbsp;<a style="color: #280d4e !important;" href="https://drive.google.com/file/d/0B0Dk3eY0YLokUU1TMmwtZU4xNXc/view?usp=sharing">VIEW</a>&nbsp;</span></div>\r\n<div style="font-family: Verdana, Helvetica, Arial, sans-serif; font-size: 18.1818180084229px; line-height: 22.7272720336914px;">&nbsp;</div>\r\n<div style="font-family: Verdana, Helvetica, Arial, sans-serif; font-size: 18.1818180084229px; line-height: 22.7272720336914px;"><strong>Online Practice Work: &nbsp;</strong><a style="color: #280d4e !important;" href="http://www.quia.com/quiz/4870704.html" rel="nofollow">Module 4 -&nbsp;Nervous System and the Endocrine System</a></div>\r\n<div style="font-size: 15.5555562973022px; font-family: Verdana, Helvetica, Arial, sans-serif; line-height: 22.7272720336914px;"><span style="font-size: medium; color: #ff0000; text-decoration: underline;">Reading</span><span style="font-size: medium; color: #ff0000;">&nbsp;and&nbsp;</span><span style="font-size: medium; color: #ff0000; text-decoration: underline;">Practice&nbsp;Work</span><span style="font-size: medium; color: #ff0000;">&nbsp;should be completed by</span><span style="font-size: medium; color: #ff0000;">:&nbsp;</span><strong style="font-size: medium; line-height: 22.7272720336914px; color: #ff0000; background-color: transparent;">Oct 6th</strong></div>\r\n<div style="font-size: 15.5555562973022px; font-family: Verdana, Helvetica, Arial, sans-serif; line-height: 22.7272720336914px;"><strong style="font-size: medium; line-height: 22.7272720336914px; background-color: #ffff00;"><a style="color: #280d4e !important;" href="https://drive.google.com/file/d/0B0Dk3eY0YLokZ3BtNXBOVzZRZlU/view?usp=sharing">Click here for slides</a></strong></div>\r\n<div style="font-size: 15.5555562973022px; font-family: Verdana, Helvetica, Arial, sans-serif; line-height: 22.7272720336914px;"><strong style="font-size: medium;"><span style="color: #9900ff;">Quiz: Oct 6th</span></strong></div>\r\n<div style="font-size: 15.5555562973022px; font-family: Verdana, Helvetica, Arial, sans-serif; line-height: 22.7272720336914px;"><strong style="font-size: medium;"><span style="background-color: #00ff00;">Test - Oct 13</span></strong></div>', '0000-00-00', '', '', '2014-10-04', '2014-10-11', 24, '2014-10-04 20:16:58'),
(182, 'Extra Credit?', '<p>test?</p>', '0000-00-00', '', '', '2014-10-14', '2014-10-15', 34, '2014-10-14 18:35:27'),
(183, 'Extra Credit Opportunity', '<p>In order to give you an incentive to using this app, I want to offer you the chance to earn some extra credit. All you have to do is bring in a science article to me. The cooler the science, the more extra credit you can earn. No report neccesary.&nbsp;</p>\r\n<p>&nbsp;</p>\r\n<p>Cheers. Mr. Stewart</p>', '0000-00-00', 'Room 225', '', '2014-10-14', '2014-11-30', 34, '2014-10-14 20:04:59'),
(184, 'Project 2', '<p>People!&nbsp; We are starting project 2!&nbsp;&nbsp; It is complicated, so make sure to maximize your time :)&nbsp;</p>', '0000-00-00', '', '', '2014-10-14', '2014-10-24', 19, '2014-10-14 20:41:51'),
(185, 'PSAT', '<p>PSAT is Wednesday October 15th!!!&nbsp; Bring a calculator and a #2 pencil.&nbsp; Good luck!!!!</p>\r\n<p>&nbsp;</p>\r\n<p>Check for your testing location in the main hall on Tuesday!</p>', '0000-00-00', 'School', '8:00am', '2014-10-13', '2014-10-16', 19, '2014-10-14 20:43:37'),
(186, 'Early Release for Athletes Today', '<p>Please release cross counrty team at 2:15 pm today for a meet at Lents Park.&nbsp;</p>\r\n<p>Dismiss JVII Men''s Soccer at 3:00 pm for a game at Marshall HS.&nbsp;</p>', '2014-10-15', 'Franklin ', '2:15 and 3:00', '2014-10-15', '2014-10-16', 22, '2014-10-14 21:32:12'),
(187, 'Powder Puff', '<p>Come out and watch the powder puff game TODAY Wednesday Oct. 15th at 6:30pm.&nbsp;</p>\r\n<p>Watch the aSeniors go head to head with the Juniors!</p>', '2014-10-15', 'Franklin ', '6:30pm', '2014-10-15', '2014-10-16', 22, '2014-10-14 21:35:22'),
(188, 'FHS Homecoming Week ', '<p>This week is homecoming week! Students can dress up in the following themes on the days listed below. <span style="text-decoration: underline;">PLEASE BE RESPECTFUL with your costumes and DRESS APPROPRIATELY FOR SCHOOL!</span></p>\r\n<p><span style="text-decoration: underline;">CINEMATIC THEME</span></p>\r\n<p>Wednesday: "ON WEDNESDAY WE WEAR PINK" - we will be promoting Breast Cancer Awareness month AND anti-bullying.&nbsp;</p>\r\n<p>Thursday: FHS the MOVIE (wear your class colors---Fresh=White, Soph=Black, Jr= Grey, Sr</p>\r\n<p>=Maroon)- freindly class competetion for the HOMECOMING PEP ASSEMBLY.</p>\r\n<p>Friday: HARRY POTTER DAY- a generational favorite.&nbsp;</p>', '0000-00-00', '', '', '2014-10-15', '2014-10-18', 22, '2014-10-14 21:42:51'),
(189, 'PSAT is TODAY', '<p>SOPHMORES and REGISTERED Juniors- The PSAT is today - Wednesday Oct. 15th from 8:00am intil 11:30am.&nbsp;</p>\r\n<p>PLEASE NOTE: the 8:00am START TIME, Be sure to check the main hall for your assigned testing location, posted today Tuesday Oct. 14th. Also Bring your own calculator (not a phone) and a #2 pencil and please get a good nights rest and eat a healthy breakfast!&nbsp;</p>', '2014-10-15', 'Franklin ', '8:00am - 11:30am ', '2014-10-15', '2014-10-16', 22, '2014-10-14 21:48:33'),
(190, 'Thinking of your Future?', '<p>Join Spark today at 3:30pm in room 140 and learn about finding a career that fits with your passions.&nbsp;</p>', '0000-00-00', '', '', '2014-10-15', '2014-10-18', 22, '2014-10-14 21:51:02'),
(191, 'SENIOR GROUP PHOTO', '<p>The SENIOR class GROUP PHOTO will be taken immediately after the Homecoming assembly on Thursday, October 16th in the gym.</p>\r\n<p>&nbsp;</p>', '2014-10-16', 'Franklin ', '', '2014-10-15', '2014-10-17', 22, '2014-10-14 21:52:49'),
(192, 'Homecoming Tailgate', '<p>Come to the Homecoming Tailgate Party on Friday, OCtober 17th from 4:30pm to 6:30 pm. At the Hill behind the scoreboard for music, food, games, and lots of pre-game QUAKER spirit! LET''S GET PUMPED FOR HOMECOMING!</p>', '2014-10-17', 'Franklin behind the scoreboard', '4:30pm - 6:30pm', '2014-10-14', '2014-10-18', 22, '2014-10-14 21:56:19'),
(193, 'Homecoming Game', '<p>FHS community-come support your Quakers at the Homecoming game vs. Lincoln HS at 7:00pm on Friday , Oct. 17th. The halftime show will feature a MASCOT RACE, MASCOT DANCE-OFF, the HOMECOMING COURT PRESENTATION, and a SPECIAL DANCE form Da Vinci Middle School Dancers. See you there. GO QUAKERS!!&nbsp;</p>', '2014-10-17', 'Franklin ', '7:00pm', '2014-10-14', '2014-10-18', 22, '2014-10-14 22:01:13'),
(194, 'Ally Week', '<p>The QSA continues with Ally Week, and will be down by Benji at LUNCH today- WEDNESDAY and FRIDAY gathering signatures for pledges of support fpr LGBTQ youth and their allies. Look for vocabulary signs up around the school, as well as a climate survey down in the main offices and counseling office.&nbsp;</p>', '0000-00-00', '', '', '2014-10-14', '2014-10-18', 22, '2014-10-14 22:05:38'),
(208, 'Work for the week starting October 26th', '<div>\r\n<div>\r\n<div style="font-family: Verdana, Helvetica, Arial, sans-serif;">\r\n<div style="line-height: 24.4444446563721px; font-family: ''Open Sans'', sans-serif;">\r\n<div style="font-size: 18.1818180084229px; font-family: Verdana, Helvetica, Arial, sans-serif; line-height: 22.7272720336914px;">\r\n<div style="font-size: 18.1818180084229px;">\r\n<div style="font-size: 18.1818180084229px; line-height: 22.7272720336914px;">\r\n<div><strong>Online Practice Work:&nbsp;</strong>Chapter 9 -&nbsp;Memory: Memory Construction (continued)</div>\r\n<div><strong style="color: #ff0000; font-size: medium;">Oct 27th</strong><span style="color: #ff0000; font-size: medium;">&nbsp;for "A" day classes,&nbsp;</span><strong style="color: #ff0000; font-size: medium; line-height: 22px;">Oct 27th</strong>&nbsp;<span style="color: #ff0000; font-size: medium;">&nbsp;for "B" day classes</span></div>\r\n</div>\r\n<div style="font-size: 18.1818180084229px; line-height: 22.7272720336914px;"><strong style="font-size: medium; line-height: 22px; background-color: #ead1dc;">&nbsp;</strong></div>\r\n</div>\r\n</div>\r\n</div>\r\n</div>\r\n</div>\r\n<div style="text-align: center;">&nbsp;</div>\r\n</div>\r\n<div style="text-align: center;">&nbsp;</div>\r\n<div style="text-align: center;">\r\n<div style="font-family: Verdana, Helvetica, Arial, sans-serif; font-size: 18.1818180084229px; line-height: 22.7272720336914px; text-align: left;">\r\n<div style="font-family: ''Open Sans'', sans-serif; font-size: 15.5555562973022px; line-height: 24.4444446563721px;"><span style="font-family: Verdana, Helvetica, Arial, sans-serif; font-size: 17.7777786254883px; line-height: 22.7256946563721px; background-color: #d9ead3;">Reading for Chapter 8:&nbsp;<a style="color: #280d4e !important;" href="https://drive.google.com/file/d/0B0Dk3eY0YLokc2ZrdmVmLUR2RXM/view?usp=sharing">VIEW</a></span><span style="font-family: Verdana, Helvetica, Arial, sans-serif; font-size: 17.7777786254883px; line-height: 22.7256946563721px; background-color: #d9ead3;">&nbsp;</span></div>\r\n<div style="font-family: ''Open Sans'', sans-serif; font-size: 15.5555562973022px; line-height: 24.4444446563721px;"><span style="font-family: Verdana, Helvetica, Arial, sans-serif; font-size: 17.7777786254883px; line-height: 22.7256946563721px; background-color: #d9ead3;">&nbsp;</span></div>\r\n</div>\r\n<div style="font-family: Verdana, Helvetica, Arial, sans-serif; font-size: 18.1818180084229px; line-height: 22.7272720336914px; text-align: left;"><span style="background-color: #ffff00;"><span style="font-size: medium;">&nbsp;</span></span></div>\r\n<div style="font-family: Verdana, Helvetica, Arial, sans-serif; text-align: left;">\r\n<div style="font-size: 15.5555562973022px; line-height: 24.4444446563721px; font-family: ''Open Sans'', sans-serif;">\r\n<div style="font-family: Verdana, Helvetica, Arial, sans-serif; font-size: 18.1818180084229px; line-height: 22.7272720336914px;">\r\n<div><strong>Online Practice Work:&nbsp;</strong><a style="color: #280d4e !important;" href="http://www.quia.com/quiz/4996357.html" rel="nofollow">Chapter 8 -&nbsp;Learning: Classical Conditioning</a>&nbsp;<span style="font-size: small;">(pages 313-325)</span></div>\r\n<div><span style="color: #ff0000; font-size: medium; text-decoration: underline;">Reading</span><span style="color: #ff0000; font-size: medium;">&nbsp;and&nbsp;</span><span style="color: #ff0000; font-size: medium; text-decoration: underline;">Practice&nbsp;Work</span><span style="color: #ff0000; font-size: medium;">&nbsp;should be completed by</span><span style="color: #ff0000; font-size: medium;">:&nbsp;</span><strong style="color: #ff0000; font-size: medium;">Oct 28th</strong><span style="color: #ff0000; font-size: medium;">&nbsp;for "A" day classes,&nbsp;<strong>Oct 29th</strong></span><span style="color: #ff0000; font-size: medium;">&nbsp;for "B" day classes</span></div>\r\n</div>\r\n<div style="font-family: Verdana, Helvetica, Arial, sans-serif; font-size: 18.1818180084229px; line-height: 22.7272720336914px;"><strong style="font-size: medium; line-height: 22px; background-color: #ead1dc;">&nbsp;</strong></div>\r\n</div>\r\n<div style="font-size: 15.5555562973022px; line-height: 24.4444446563721px; font-family: ''Open Sans'', sans-serif;">&nbsp;</div>\r\n</div>\r\n</div>', '0000-00-00', '', '', '2014-10-26', '2014-11-01', 24, '2014-10-25 19:56:03'),
(213, 'Lesson 3 Dictation is due on Friday, Nov. 7th.', '<p>Lesson 3 dictation is due on Friday, Nov. 7th.</p>', '0000-00-00', '', '', '2014-10-27', '2014-11-07', 21, '2014-10-27 20:12:06'),
(201, 'Work for the week starting October 19th', '<div style="font-family: ''Open Sans'', sans-serif;">\r\n<div style="text-align: center;">\r\n<div style="line-height: 22.7272720336914px; font-size: 18.1818180084229px; font-family: Verdana, Helvetica, Arial, sans-serif; text-align: left;"><strong>Online Practice Work: &nbsp;</strong><a style="color: #280d4e !important;" href="http://www.quia.com/quiz/4872723.html" rel="nofollow">Chapter 9 -&nbsp;Memory: Information Processing &amp; Encoding</a>&nbsp;<span style="font-size: small;">(pages 349-361)</span></div>\r\n<div style="font-family: Verdana, Helvetica, Arial, sans-serif; text-align: left;"><span style="line-height: 22.7272720336914px; font-size: medium; color: #ff0000; text-decoration: underline;">Reading</span><span style="line-height: 22.7272720336914px; font-size: medium; color: #ff0000;">&nbsp;and&nbsp;</span><span style="line-height: 22.7272720336914px; font-size: medium; color: #ff0000; text-decoration: underline;">Practice&nbsp;Work</span><span style="line-height: 22.7272720336914px; font-size: medium; color: #ff0000;">&nbsp;should be completed by</span><span style="line-height: 22.7272720336914px; font-size: medium; color: #ff0000;">:&nbsp;</span><strong style="line-height: 22.7272720336914px; font-size: medium; color: #ff0000;">Oct 16th</strong><span style="line-height: 22.7272720336914px; font-size: medium; color: #ff0000;">&nbsp;for "A" day classes, &nbsp;</span><strong style="font-size: medium; line-height: 22px; color: #ff0000; background-color: transparent;">Oct 17th&nbsp;</strong><span style="font-size: medium; color: #ff0000; line-height: 22.7272720336914px; background-color: transparent;">for "B" day classes&nbsp;</span></div>\r\n<div style="line-height: 22.7272720336914px; font-size: 18.1818180084229px; font-family: Verdana, Helvetica, Arial, sans-serif; text-align: left;"><strong style="font-size: medium; line-height: 22px; background-color: #ead1dc;"><a style="color: #280d4e !important;" href="https://drive.google.com/file/d/0B0Dk3eY0YLokbFdyYUpKZzZycHc/view?usp=sharing">Click here for Slides</a></strong></div>\r\n</div>\r\n</div>\r\n<div style="line-height: 24.4444446563721px; font-size: 15.5555562973022px; font-family: ''Open Sans'', sans-serif;">&nbsp;</div>\r\n<div style="line-height: 24.4444446563721px; font-family: ''Open Sans'', sans-serif;">\r\n<div style="font-family: Verdana, Helvetica, Arial, sans-serif; line-height: 22.7272720336914px;">\r\n<div style="font-size: 18.1818180084229px;"><strong>Online Practice Work:&nbsp;</strong><a style="color: #280d4e !important;" href="http://www.quia.com/quiz/4974416.html" rel="nofollow">Chapter 9 -&nbsp;Memory: Storage and Retrieval</a>&nbsp;<span style="font-size: small;">(pages 361-375)</span></div>\r\n<div><span style="font-size: medium; color: #ff0000; text-decoration: underline;">Reading</span><span style="font-size: medium; color: #ff0000;">&nbsp;and&nbsp;</span><span style="font-size: medium; color: #ff0000; text-decoration: underline;">Practice&nbsp;Work</span><span style="font-size: medium; color: #ff0000;">&nbsp;should be completed by</span><span style="font-size: medium; color: #ff0000;">:&nbsp;</span><strong style="font-size: medium; color: #ff0000;">Oct 21st</strong><span style="font-size: medium; color: #ff0000;">&nbsp;for "A" day classes,&nbsp;</span><strong style="font-size: medium; color: #ff0000; line-height: 22px;">Oct 22nd</strong><strong style="line-height: 22px; font-size: 17.7777786254883px;">&nbsp;</strong><span style="font-size: medium; color: #ff0000;">for "B" day classes</span></div>\r\n</div>\r\n<div style="font-size: 18.1818180084229px; font-family: Verdana, Helvetica, Arial, sans-serif; line-height: 22.7272720336914px;"><strong style="font-size: medium; line-height: 22px; background-color: #ead1dc;">&nbsp;</strong></div>\r\n<div style="font-size: 18.1818180084229px; font-family: Verdana, Helvetica, Arial, sans-serif; line-height: 22.7272720336914px;"><strong style="font-size: medium; line-height: 22px; background-color: #ead1dc;">&nbsp;</strong></div>\r\n<div style="font-size: 18.1818180084229px; font-family: Verdana, Helvetica, Arial, sans-serif; line-height: 22.7272720336914px;"><strong style="font-size: medium; line-height: 22px; background-color: #ead1dc;">&nbsp;</strong></div>\r\n<div style="font-size: 18.1818180084229px; font-family: Verdana, Helvetica, Arial, sans-serif; line-height: 22.7272720336914px;">\r\n<div style="font-size: 18.1818180084229px; line-height: 22.7272720336914px;">\r\n<div><strong>Online Practice Work:&nbsp;</strong><a style="color: #280d4e !important;" href="http://www.quia.com/quiz/4974423.html" rel="nofollow">Chapter 9 -&nbsp;Memory: Forgetting &amp; Memory Construction</a>&nbsp;<span style="font-size: small;">(pages 375-392)</span></div>\r\n<div><span style="color: #ff0000; font-size: medium; text-decoration: underline;">Reading</span><span style="color: #ff0000; font-size: medium;">&nbsp;and&nbsp;</span><span style="color: #ff0000; font-size: medium; text-decoration: underline;">Practice&nbsp;Work</span><span style="color: #ff0000; font-size: medium;">&nbsp;should be completed by</span><span style="color: #ff0000; font-size: medium;">:&nbsp;</span><strong style="color: #ff0000; font-size: medium;">Oct 23rd</strong><span style="color: #ff0000; font-size: medium;">&nbsp;for "A" day classes,&nbsp;</span><strong style="color: #ff0000; font-size: medium; line-height: 22px;">Oct 24th</strong>&nbsp;<span style="color: #ff0000; font-size: medium;">&nbsp;for "B" day classes</span></div>\r\n</div>\r\n<div style="font-size: 18.1818180084229px; line-height: 22.7272720336914px;"><strong style="font-size: medium; line-height: 22px; background-color: #ead1dc;">&nbsp;</strong></div>\r\n<p><strong style="font-size: medium; line-height: 22px; background-color: #ead1dc;">&nbsp;</strong></p>\r\n</div>\r\n</div>', '0000-00-00', '', '', '2014-10-19', '2014-10-25', 24, '2014-10-19 19:41:10'),
(202, 'Work for the week starting October 19th', '<div style="font-family: Verdana, Helvetica, Arial, sans-serif; line-height: 22.7272720336914px; font-size: 18.1818180084229px;"><span style="background-color: #d9ead3;">Reading for Module 5:&nbsp;<a style="color: #280d4e !important;" href="https://drive.google.com/file/d/0B0Dk3eY0YLokajhKMHk0cG1Yd2M/view?usp=sharing">VIEW</a>&nbsp;</span></div>\r\n<div style="font-family: Verdana, Helvetica, Arial, sans-serif; line-height: 22.7272720336914px; font-size: 18.1818180084229px;">&nbsp;</div>\r\n<div style="font-family: Verdana, Helvetica, Arial, sans-serif; line-height: 22.7272720336914px; font-size: 18.1818180084229px;"><strong>Online Practice Work: &nbsp;</strong><a style="color: #280d4e !important;" href="http://www.quia.com/quiz/4937353.html" rel="nofollow">Module 5 -&nbsp;The Brain - Structure and Function</a></div>\r\n<div style="font-family: Verdana, Helvetica, Arial, sans-serif; font-size: 16px; line-height: 22.7272720336914px;"><span style="font-size: medium; color: #ff0000; text-decoration: underline;">Reading</span><span style="font-size: medium; color: #ff0000;">&nbsp;and&nbsp;</span><span style="font-size: medium; color: #ff0000; text-decoration: underline;">Practice&nbsp;Work</span><span style="font-size: medium; color: #ff0000;">&nbsp;should be completed by</span><span style="font-size: medium; color: #ff0000;">:&nbsp;</span><strong style="line-height: 22.7272720336914px; font-size: medium; color: #ff0000; background-color: transparent;">Oct 20th</strong></div>\r\n<div style="font-family: Verdana, Helvetica, Arial, sans-serif; font-size: 16px; line-height: 22.7272720336914px;"><strong style="font-size: medium; line-height: 22.7272720336914px; background-color: #ffff00;"><a style="color: #280d4e !important;" href="https://drive.google.com/open?id=0B0Dk3eY0YLokUjFzVVYtcGFxUG8&amp;authuser=0">Click here for slides</a></strong></div>\r\n<div style="font-family: Verdana, Helvetica, Arial, sans-serif; font-size: 16px; line-height: 22.7272720336914px;"><strong style="font-size: medium; line-height: 22.7272720336914px;"><span style="color: #9900ff;">Quiz: Oct 20th</span></strong></div>\r\n<div style="font-family: Verdana, Helvetica, Arial, sans-serif; font-size: 16px; line-height: 22.7272720336914px;"><strong style="font-size: medium; line-height: 22.7272720336914px;"><span style="background-color: #00ff00;">Test - Oct 27th</span></strong></div>', '0000-00-00', '', '', '2014-10-19', '2014-10-25', 24, '2014-10-19 19:42:27'),
(228, 'Code Puzzle: Medium', '<p style="margin: 0px; padding: 0px; border: 0px; outline: 0px; font-size: 14px; vertical-align: baseline; max-width: 508px; overflow: hidden; font-family: ''Segoe UI'', helvetica, arial, sans-serif; line-height: 20px; background: transparent;">Test your coding skills! View the code in Codepen and spot the errors. If you need to change the code to find the errors, click "fork" first. E-mail your answer in the form of a list of code issues to&nbsp;<a style="margin: 0px; padding: 2px 0px; vertical-align: baseline; color: #1c5c76; text-decoration: underline; -webkit-tap-highlight-color: rgba(0, 0, 0, 0.247059); word-wrap: break-word; background: transparent;" title="Link: null">fhsapp.contact@gmail</a>.com to recieve a certificate corresponding to your rank! You can present the certificate at the FHS App launch on November 20th to recieve a prize, or complete more puzzles to increase your rank!</p>\r\n<p style="margin: 0px; padding: 0px; border: 0px; outline: 0px; font-size: 14px; vertical-align: baseline; max-width: 508px; overflow: hidden; font-family: ''Segoe UI'', helvetica, arial, sans-serif; line-height: 20px; background: transparent;">Codepen Link:&nbsp;<span style="background-color: #ffffcc;">http://codepen.io/john_explosion/pen/dsuDp</span></p>', '0000-00-00', '', '', '2014-11-12', '2014-12-01', 127, '2014-11-08 22:04:48'),
(209, 'Work for the week starting October 26th', '<div style="font-family: Verdana, Helvetica, Arial, sans-serif; line-height: 22.7272720336914px; font-size: 18.1818180084229px;"><strong>Online Practice Work: &nbsp;</strong><a style="color: #280d4e !important;" href="http://www.quia.com/quiz/4937353.html" rel="nofollow">Module 5 -&nbsp;The Brain - Structure and Function</a></div>\r\n<div style="font-family: Verdana, Helvetica, Arial, sans-serif; font-size: 16px; line-height: 22.7272720336914px;"><span style="font-size: medium; color: #ff0000; text-decoration: underline;">Reading</span><span style="font-size: medium; color: #ff0000;">&nbsp;and&nbsp;</span><span style="font-size: medium; color: #ff0000; text-decoration: underline;">Practice&nbsp;Work</span><span style="font-size: medium; color: #ff0000;">&nbsp;should be completed by</span><span style="font-size: medium; color: #ff0000;">:&nbsp;</span><strong style="line-height: 22.7272720336914px; font-size: medium; color: #ff0000; background-color: transparent;">Oct 20th</strong></div>\r\n<div style="font-family: Verdana, Helvetica, Arial, sans-serif; font-size: 16px; line-height: 22.7272720336914px;"><strong style="font-size: medium; line-height: 22.7272720336914px; background-color: #ffff00;"><a style="color: #280d4e !important;" href="https://drive.google.com/open?id=0B0Dk3eY0YLokUjFzVVYtcGFxUG8&amp;authuser=0">Click here for slides</a></strong></div>\r\n<div style="font-family: Verdana, Helvetica, Arial, sans-serif; font-size: 16px; line-height: 22.7272720336914px;"><strong style="font-size: medium; line-height: 22.7272720336914px;"><span style="color: #9900ff;">Quiz: Oct 20th</span></strong></div>\r\n<div style="font-family: Verdana, Helvetica, Arial, sans-serif; font-size: 16px; line-height: 22.7272720336914px;"><strong style="font-size: medium; line-height: 22.7272720336914px;"><span style="background-color: #00ff00;">Test - Oct 27th</span></strong></div>\r\n<div style="font-family: Verdana, Helvetica, Arial, sans-serif; font-size: 16px; line-height: 22.7272720336914px;"><strong style="font-size: medium; line-height: 22.7272720336914px;"><span style="background-color: #00ff00;">&nbsp;</span></strong></div>\r\n<div style="font-family: Verdana, Helvetica, Arial, sans-serif; font-size: 16px; line-height: 22.7272720336914px;"><span style="font-size: medium; color: #ff0000;">&nbsp;</span></div>\r\n<div style="font-family: Verdana, Helvetica, Arial, sans-serif; font-size: 16px; line-height: 22.7272720336914px;">\r\n<div style="font-size: 18.1818180084229px;"><span style="background-color: #d9ead3;">Reading for Module 6:&nbsp;<a style="color: #280d4e !important;" href="https://drive.google.com/file/d/0B0Dk3eY0YLokSnNpYXJuSW1mV00/view?usp=sharing">VIEW</a>&nbsp;</span></div>\r\n<div style="font-size: 18.1818180084229px;">&nbsp;</div>\r\n<div style="font-size: 18.1818180084229px;"><strong>Online Practice Work: &nbsp;</strong><a style="color: #280d4e !important;" href="http://www.quia.com/quiz/4937357.html" rel="nofollow">Module 6 -&nbsp;Sensation</a></div>\r\n<div><span style="font-size: medium; color: #ff0000; text-decoration: underline;">Reading</span><span style="font-size: medium; color: #ff0000;">&nbsp;and&nbsp;</span><span style="font-size: medium; color: #ff0000; text-decoration: underline;">Practice&nbsp;Work</span><span style="font-size: medium; color: #ff0000;">&nbsp;should be completed by</span><span style="font-size: medium; color: #ff0000;">:&nbsp;</span><strong style="line-height: 22.7272720336914px; font-size: medium; color: #ff0000; background-color: transparent;">Nov 3rd</strong></div>\r\n</div>\r\n<div style="font-family: Verdana, Helvetica, Arial, sans-serif; font-size: 16px; line-height: 22.7272720336914px;"><strong style="font-size: medium; line-height: 22.7272720336914px; background-color: #ffff00;"><a style="color: #280d4e !important;" href="https://drive.google.com/file/d/0B0Dk3eY0YLokN3VXd0x4TFFTQnc/view?usp=sharing">Click here for slides</a></strong></div>\r\n<div style="font-family: Verdana, Helvetica, Arial, sans-serif; font-size: 16px; line-height: 22.7272720336914px;"><strong style="font-size: medium; line-height: 22.7272720336914px; background-color: transparent;"><span style="color: #9900ff;">Quiz: Nov 3rd</span></strong></div>', '0000-00-00', '', '', '2014-10-26', '2014-11-01', 24, '2014-10-25 19:57:53'),
(210, 'Free pizza for using the FHS APP!', '<p>Show us that you''ve signed up for your available classes on the FHS APP to recieve free pizza!&nbsp;</p>', '2014-11-05', 'TBD', 'Lunch', '2014-10-27', '2014-11-06', 1, '2014-10-25 21:07:32'),
(211, 'Lesson 4 - Presentation is due on Thursday, Nov. 13th.', '<p>Lesson 4 presentation is due on Thursday, Nov. 13th.</p>', '0000-00-00', '', '', '2014-10-27', '2014-11-13', 21, '2014-11-03 21:33:00'),
(222, 'Lesson 3 essay is due on Friday, 7th.', '<p>Lesson 3 essay:" Tea cultural in fifty years" is due on Friday, 7th.</p>', '0000-00-00', '', '', '2014-11-05', '2014-11-07', 21, '2014-11-05 21:32:54'),
(217, 'Lesson 4 homework packet is due on Thursday, Nov. 12th.', '<p>Lesson 4 homework packet is due on Thursday, Nov. 13th.</p>', '0000-00-00', '', '', '2014-10-28', '2014-11-13', 21, '2014-11-06 20:31:26'),
(219, 'Work for the week starting November 2nd', '<div style="font-family: Verdana, Helvetica, Arial, sans-serif; font-size: 15.5555562973022px; line-height: 22.7272720336914px;">\r\n<div style="font-size: 18.1818180084229px;"><span style="background-color: #d9ead3;">Reading for Module 6:&nbsp;<a style="color: #280d4e !important;" href="https://drive.google.com/file/d/0B0Dk3eY0YLokSnNpYXJuSW1mV00/view?usp=sharing">VIEW</a>&nbsp;</span></div>\r\n<div style="font-size: 18.1818180084229px;">&nbsp;</div>\r\n<div style="font-size: 18.1818180084229px;"><strong>Online Practice Work: &nbsp;</strong><a style="color: #280d4e !important;" href="http://www.quia.com/quiz/4937357.html" rel="nofollow">Module 6 -&nbsp;Sensation</a></div>\r\n<div><span style="font-size: medium; color: #ff0000; text-decoration: underline;">Reading</span><span style="font-size: medium; color: #ff0000;">&nbsp;and&nbsp;</span><span style="font-size: medium; color: #ff0000; text-decoration: underline;">Practice&nbsp;Work</span><span style="font-size: medium; color: #ff0000;">&nbsp;should be completed by</span><span style="font-size: medium; color: #ff0000;">:&nbsp;</span><strong style="line-height: 22.7272720336914px; font-size: medium; color: #ff0000; background-color: transparent;">Nov 3rd</strong></div>\r\n</div>\r\n<div style="font-family: Verdana, Helvetica, Arial, sans-serif; font-size: 15.5555562973022px; line-height: 22.7272720336914px;"><strong style="font-size: medium; line-height: 22.7272720336914px; background-color: transparent;"><span style="color: #9900ff;">Quiz: Nov 3rd</span></strong></div>\r\n<div style="font-family: Verdana, Helvetica, Arial, sans-serif; font-size: 15.5555562973022px; line-height: 22.7272720336914px;"><strong style="line-height: 22.7272720336914px; font-size: medium; background-color: transparent;"><span style="background-color: #00ff00;">Test - Nov 17th</span></strong></div>', '0000-00-00', '', '', '2014-11-02', '2014-11-08', 24, '2014-11-01 20:36:00'),
(223, 'Lesson 10 dictation is due on Thursday, Nov. 13th.', '<p>Lesson 10 dictation is due on Thursday, Nov. 13th.</p>', '0000-00-00', '', '', '2014-11-06', '2014-11-13', 21, '2014-11-06 16:27:43'),
(224, 'Lesson 10 vocabulary sheet and homework packet are due on Thursday, Nov. 13th.', '<p>Lesson 10 vocabulary sheet and homework packet are due on Thursday, Nov. 13th.</p>', '0000-00-00', '', '', '2014-11-04', '2014-11-13', 21, '2014-11-06 22:10:15'),
(225, 'Lesson 5 homework and presentation are due on Wednesday, Nov. 12th.', '<p>Lesson 5 homework and presentation are due on wednesday, Nov. 12th.</p>', '0000-00-00', '', '', '2014-11-03', '2014-11-12', 21, '2014-11-06 22:12:10'),
(229, 'Code Puzzle: Hard', '<p style="margin: 0px; padding: 0px; border: 0px; outline: 0px; font-size: 14px; vertical-align: baseline; max-width: 508px; overflow: hidden; font-family: ''Segoe UI'', helvetica, arial, sans-serif; line-height: 20px; background: transparent;">Test your coding skills! View the code in Codepen and spot the errors. If you need to change the code to find the errors, click "fork" first. E-mail your answer in the form of a list of code issues to&nbsp;<a style="margin: 0px; padding: 2px 0px; vertical-align: baseline; color: #1c5c76; text-decoration: underline; -webkit-tap-highlight-color: rgba(0, 0, 0, 0.247059); word-wrap: break-word; background: transparent;" title="Link: null">fhsapp.contact@gmail</a>.com to recieve a certificate corresponding to your rank! You can present the certificate at the FHS App launch on November 20th to recieve a prize, or complete more puzzles to increase your rank!</p>\r\n<p style="margin: 0px; padding: 0px; border: 0px; outline: 0px; font-size: 14px; vertical-align: baseline; max-width: 508px; overflow: hidden; font-family: ''Segoe UI'', helvetica, arial, sans-serif; line-height: 20px; background: transparent;">Codepen Link:&nbsp;<span style="background-color: #ffffcc;">http://codepen.io/john_explosion/pen/pjtBg</span><span style="background-color: #ffffcc;"><br /></span></p>', '0000-00-00', '', '', '2014-11-12', '2014-12-01', 127, '2014-11-08 22:07:07'),
(230, 'Code Puzzle: Brutal', '<p style="margin: 0px; padding: 0px; border: 0px; outline: 0px; font-size: 14px; vertical-align: baseline; max-width: 508px; overflow: hidden; font-family: ''Segoe UI'', helvetica, arial, sans-serif; line-height: 20px; background: transparent;">Test your coding skills! View the code in Codepen and spot the errors. If you need to change the code to find the errors, click "fork" first. E-mail your answer in the form of a list of code issues to&nbsp;<a style="margin: 0px; padding: 2px 0px; vertical-align: baseline; color: #1c5c76; text-decoration: underline; -webkit-tap-highlight-color: rgba(0, 0, 0, 0.247059); word-wrap: break-word; background: transparent;" title="Link: null">fhsapp.contact@gmail</a>.com to recieve a certificate corresponding to your rank! You can present the certificate at the FHS App launch on November 20th to recieve a prize, or complete more puzzles to increase your rank!</p>\r\n<p style="margin: 0px; padding: 0px; border: 0px; outline: 0px; font-size: 14px; vertical-align: baseline; max-width: 508px; overflow: hidden; font-family: ''Segoe UI'', helvetica, arial, sans-serif; line-height: 20px; background: transparent;">Codepen Link:&nbsp;<span style="background-color: #ffffcc;">http://codepen.io/john_explosion/pen/otruF</span></p>', '0000-00-00', '', '', '2014-11-12', '2014-12-01', 127, '2014-11-08 22:07:56'),
(231, 'Code Puzzle: Impossible', '<p style="margin: 0px; padding: 0px; border: 0px; outline: 0px; font-size: 14px; vertical-align: baseline; max-width: 508px; overflow: hidden; font-family: ''Segoe UI'', helvetica, arial, sans-serif; line-height: 20px; background: transparent;">Test your coding skills! View the code in Codepen and spot the errors. If you need to change the code to find the errors, click "fork" first. E-mail your answer in the form of a list of code issues to&nbsp;<a style="margin: 0px; padding: 2px 0px; vertical-align: baseline; color: #1c5c76; text-decoration: underline; -webkit-tap-highlight-color: rgba(0, 0, 0, 0.247059); word-wrap: break-word; background: transparent;" title="Link: null">fhsapp.contact@gmail</a>.com to recieve a certificate corresponding to your rank! You can present the certificate at the FHS App launch on November 20th to recieve a prize, or complete more puzzles to increase your rank!</p>\r\n<p style="margin: 0px; padding: 0px; border: 0px; outline: 0px; font-size: 14px; vertical-align: baseline; max-width: 508px; overflow: hidden; font-family: ''Segoe UI'', helvetica, arial, sans-serif; line-height: 20px; background: transparent;">Codepen Link:&nbsp;<span style="background-color: #ffffcc;">http://codepen.io/john_explosion/pen/Eqzex</span></p>', '0000-00-00', '', '', '2014-11-12', '2014-12-01', 127, '2014-11-08 22:09:09'),
(232, 'Work for the week starting November 9th', '<div style="font-size: 18.1818180084229px; line-height: 22.7272720336914px;">\r\n<div style="font-family: ''Open Sans'', sans-serif; font-size: 15.5555562973022px; line-height: 24.4444446563721px;"><span style="font-family: Verdana, Helvetica, Arial, sans-serif; font-size: 17.7777786254883px; line-height: 22.7256946563721px; background-color: #d9ead3;">Reading for Chapter 10:&nbsp;<a style="color: #280d4e !important;" href="https://drive.google.com/file/d/0B0Dk3eY0YLokSHZDNFFwX3Z3TW8/view?usp=sharing">VIEW</a></span><span style="font-family: Verdana, Helvetica, Arial, sans-serif; font-size: 17.7777786254883px; line-height: 22.7256946563721px; background-color: #d9ead3;">&nbsp;</span></div>\r\n<div><span style="line-height: 22.7256946563721px; background-color: #d9ead3;">&nbsp;</span></div>\r\n</div>\r\n<div style="font-size: 18.1818180084229px; line-height: 22.7272720336914px;"><span style="background-color: #ffff00;"><span style="font-size: medium;">&nbsp;</span></span></div>\r\n<div>\r\n<div style="font-size: 15.5555562973022px; line-height: 24.4444446563721px; font-family: ''Open Sans'', sans-serif;">\r\n<div style="font-family: Verdana, Helvetica, Arial, sans-serif; font-size: 18.1818180084229px; line-height: 22.7272720336914px;">\r\n<div><strong>Online Practice Work:&nbsp;</strong>Chapter 10 -&nbsp;<a style="color: #280d4e !important;" href="http://www.quia.com/quiz/5007472.html" rel="nofollow">Cognition: Thinking</a>&nbsp;<span style="font-size: small;">(pages 395-409)</span></div>\r\n<div><span style="color: #ff0000; font-size: medium; text-decoration: underline;">Reading</span><span style="color: #ff0000; font-size: medium;">&nbsp;and&nbsp;</span><span style="color: #ff0000; font-size: medium; text-decoration: underline;">Practice&nbsp;Work</span><span style="color: #ff0000; font-size: medium;">&nbsp;should be completed by</span><span style="color: #ff0000; font-size: medium;">:&nbsp;</span><strong style="color: #ff0000; font-size: medium;">Nov 13th</strong><span style="color: #ff0000; font-size: medium;">&nbsp;for "A" day classes,&nbsp;<strong>Nov</strong></span><strong style="color: #ff0000; font-size: medium; line-height: 22px;">&nbsp;14th</strong>&nbsp;<span style="color: #ff0000; font-size: medium;">&nbsp;for "B" day classes</span></div>\r\n</div>\r\n<div style="font-family: Verdana, Helvetica, Arial, sans-serif; font-size: 18.1818180084229px; line-height: 22.7272720336914px;"><strong style="font-size: medium; line-height: 22px; background-color: #ead1dc;">&nbsp;</strong></div>\r\n<p><strong style="font-size: medium; line-height: 22px; background-color: #ead1dc;">&nbsp;</strong></p>\r\n</div>\r\n</div>', '0000-00-00', '', '', '2014-11-09', '2014-11-15', 24, '2014-11-10 15:45:33'),
(233, 'Work for the week starting November 9th', '<div style="font-family: Verdana, Helvetica, Arial, sans-serif; font-size: 15.5555562973022px; line-height: 22.7272720336914px;">\r\n<div style="font-size: 18.1818180084229px;"><span style="background-color: #d9ead3;">Reading for Module 6:&nbsp;<a style="color: #280d4e !important;" href="https://drive.google.com/file/d/0B0Dk3eY0YLokSnNpYXJuSW1mV00/view?usp=sharing">VIEW</a>&nbsp;</span></div>\r\n<div style="font-size: 18.1818180084229px;">&nbsp;</div>\r\n<div style="font-size: 18.1818180084229px;"><strong>Online Practice Work: &nbsp;</strong><a style="color: #280d4e !important;" href="http://www.quia.com/quiz/4937357.html" rel="nofollow">Module 6 -&nbsp;Sensation</a></div>\r\n<div><span style="font-size: medium; color: #ff0000; text-decoration: underline;">Reading</span><span style="font-size: medium; color: #ff0000;">&nbsp;and&nbsp;</span><span style="font-size: medium; color: #ff0000; text-decoration: underline;">Practice&nbsp;Work</span><span style="font-size: medium; color: #ff0000;">&nbsp;should be completed by</span><span style="font-size: medium; color: #ff0000;">:&nbsp;</span><strong style="line-height: 22.7272720336914px; font-size: medium; color: #ff0000; background-color: transparent;">Nov 3rd</strong></div>\r\n</div>\r\n<div style="font-family: Verdana, Helvetica, Arial, sans-serif; font-size: 15.5555562973022px; line-height: 22.7272720336914px;"><strong style="font-size: medium; line-height: 22.7272720336914px; background-color: #ffff00;"><a style="color: #280d4e !important;" href="https://drive.google.com/file/d/0B0Dk3eY0YLokN3VXd0x4TFFTQnc/view?usp=sharing">Click here for slides</a></strong></div>\r\n<div style="font-family: Verdana, Helvetica, Arial, sans-serif; font-size: 15.5555562973022px; line-height: 22.7272720336914px;"><strong style="font-size: medium; line-height: 22.7272720336914px; background-color: transparent;"><span style="color: #9900ff;">Quiz: Nov 3rd</span></strong></div>\r\n<div style="font-family: Verdana, Helvetica, Arial, sans-serif; font-size: 15.5555562973022px; line-height: 22.7272720336914px;"><strong style="line-height: 22.7272720336914px; font-size: medium; background-color: transparent;"><span style="background-color: #00ff00;">Test - Nov 24th</span></strong></div>', '0000-00-00', '', '', '2014-11-09', '2014-11-15', 24, '2014-11-10 15:47:32'),
(234, 'DNA Experiment Report', '<p>Just a reminder on a future assignment.&nbsp;</p>\r\n<p>Do a cursory search for information on three DNA experimenters and be ready to do a mroe detailed report on their findings.</p>\r\n<p>1. Watson-Crick-Franklin-Wilkins</p>\r\n<p>2. Avery-MaCloud-McCarty</p>\r\n<p>3. Hershey-Chase</p>', '0000-00-00', '', '', '2014-11-10', '2014-11-28', 34, '2014-11-10 17:42:45'),
(235, 'Tea club this Friday', '<p>Come and enjoy some tea.</p>', '0000-00-00', '', '', '2014-11-10', '2014-11-15', 21, '2014-11-10 17:46:13'),
(236, 'Chinese club meet on Tuesdays every other week', '<p>Come and check it out!</p>', '0000-00-00', '', '', '2014-11-10', '2014-12-20', 21, '2014-11-17 16:38:23'),
(237, 'Rehabilitation Services Career Day', '<p class="MsoNormal"><strong><span style="font-family: ''Calibri'',''sans-serif''; mso-bidi-font-family: Calibri;">Rehabilitation Services Career Highlight</span></strong><span style="font-family: ''Calibri'',''sans-serif''; mso-bidi-font-family: Calibri;"> will open its doors to high school students next month! Providence Health &amp; Services will be hosting this event at Portland St. Vincent Medical Center to provide the opportunity for career exploration in Rehabilitation Services including: physical therapy, speech and language pathology, occupational therapy, and audiology. Please join us for an exciting look at this industry as well as hands on activities! Space is limited, so please register early. Talk to Raquel in room 108 TODAY!</span></p>', '2014-12-02', 'Providence St. Vincent Medical Center', '9:00 am', '2014-11-10', '2014-11-15', 128, '2014-11-10 17:48:11'),
(238, 'Project 3 (Star Wars...)', '<p>Don''t forget to finish your star wars project and turn it it.&nbsp;&nbsp; Share it on google drive....do it correctly!!!! :)</p>\r\n<p>&nbsp;</p>', '2014-11-17', '', '', '2014-11-10', '2014-11-19', 19, '2014-11-10 17:50:03'),
(239, 'Study Please', '<p><img src="http://cdn-4.innocentenglish.com/funny-pics/best-pics/funny-math-test-answer1.jpg" alt="Funny Math" width="342" height="240" /></p>', '0000-00-00', '', '', '2014-11-10', '2015-06-30', 19, '2014-11-10 17:55:28'),
(240, 'Mandatory Freshman Family Meeting ', '<p>To be eligible to check out an iPad you must have a parent or guardian attend a meeting November 18 4:00 Library 6:30 Auditorium or 6:30 Library (en Espanol).</p>', '2014-11-18', 'Library or Auditorium', '4:00 & 6:30', '2014-11-10', '2014-11-19', 20, '2014-11-10 17:57:58'),
(241, 'Personal Narrative Due', '<p>Just a reminder, your final draft of the personal narrative is due this week! Make sure to share your essay with me on GoogleDocs by Thursday (A-Day) or Friday (B-Day). Share your essay with the following email addres: englishteacherhines@gmail.com</p>', '0000-00-00', '', '', '2014-11-10', '2014-11-14', 129, '2014-11-10 18:06:32'),
(242, 'Practice your French at home!', '<p>Go on Conjuguemos.com!</p>', '0000-00-00', '', '', '2014-11-10', '2014-11-12', 130, '2014-11-10 18:10:37'),
(243, 'Check the website for important info', '<p><a href="http://www.msgarrettonline.com">www.msgarrettonline.com</a></p>', '0000-00-00', '', '', '2014-11-10', '2015-06-12', 31, '2014-11-10 18:41:15'),
(250, 'Welcome!', '<p>Welcome to the new FHS App!! &nbsp;</p>', '0000-00-00', '', '', '2014-11-10', '2014-11-21', 53, '2014-11-10 23:35:20'),
(246, 'Extra Credit Opportunity', '<p>Hello</p>', '0000-00-00', '', '', '2014-11-10', '2014-11-15', 48, '2014-11-10 19:05:33'),
(247, 'AP Notebook Check', '<p>AP Notebook Check for Unit 2 is due tentatively on Monday, November 24, 2014.</p>', '0000-00-00', '', '', '2014-11-12', '2014-11-10', 65, '2014-11-10 19:24:29'),
(251, 'tarea - el 12 de nov', '<p><a href="https://drive.google.com/file/d/0B3QnBXI9kiwMcmNlUkwzbGpqYzdLdnFNbFhIV2tROFJxeE40/view?usp=sharing" target="_blank">Lee y hace los ejercicios de por/para.</a></p>', '2014-11-11', '', '', '2014-11-10', '2014-11-14', 38, '2014-11-11 00:09:22'),
(252, 'Typing on Friday, Nov. 14th. in room 104', '<p>Bring your book for typing on Friday Nov. 14th. in room 104.</p>', '0000-00-00', '', '', '2014-11-12', '2014-11-15', 21, '2014-11-12 23:11:21'),
(253, 'Lesson 6 dictation part 1 Due on Wednesday, Nov. 19th.', '<p>Lesson 6 dictation part 1( from 1 to 5) Due on Wednesday, Nov. 19th.</p>', '0000-00-00', '', '', '2014-11-14', '2014-11-20', 21, '2014-11-14 19:57:29'),
(254, 'Lesson 6 dictation part 2 due on Friday, Nov. 21.', '<p>Lesson 6 dictation part 2( from 6 to 10) and homeworks are due on Friday, Nov. 21.&nbsp;</p>', '0000-00-00', '', '', '2014-11-14', '2014-11-21', 21, '2014-11-14 19:59:03'),
(255, 'Earth Club Meeting', '<p>MANDATORY MEETING</p>', '2014-11-17', 'Ms. Sansom''s room (237)', '11:30 AM', '2014-11-15', '2014-11-17', 122, '2014-11-15 21:38:55'),
(256, 'Luna''s Painting Studio meets every Friday after school in Room 273', '<p>Luna''s Painting Studio meets every Friday after school in Room 273</p>', '0000-00-00', '', '', '2014-11-17', '2014-12-20', 21, '2014-11-17 16:36:28'),
(257, 'Tea Club meets every Friday during lunch in room 273', '<p>Tea Club meets every Friday during lunch in room 273.</p>', '0000-00-00', '', '', '2014-11-17', '2014-12-20', 21, '2014-11-17 16:38:01'),
(258, 'Vector Quiz ', '<p>Remember you have a quiz on vectors on Thursday/Friday, Nov. 20/21. &nbsp;Look over notes and practice problems.</p>', '0000-00-00', '', '', '2014-11-17', '2014-11-21', 57, '2014-11-17 17:18:20'),
(259, 'Periodic Table Quiz', '<p>Remember to study for you periodic table quiz on Thursday/Friday, Nov. 20/21. &nbsp;Look over notes on metals, nonmetals, metalloids, families, and periods.</p>', '0000-00-00', '', '', '2014-11-17', '2014-11-21', 57, '2014-11-17 17:20:34'),
(260, 'Project 3', '<p>Project 3 was delayed&nbsp; because of snow.&nbsp; Please make sure to work to finish this by tomorrow!!!</p>', '2014-11-18', '', '', '2014-11-17', '2014-11-21', 19, '2014-11-17 18:10:19'),
(261, 'Lesson 11 Dictation Part 1 is due on Thursday, Nov. 20th.', '<p>Lesson 11 Dictation Part 1(from 1 to 4) is due on Thursday, Nov. 20th.</p>', '0000-00-00', '', '', '2014-11-18', '2014-11-21', 21, '2014-11-18 17:50:32'),
(262, 'Advanced Scholar Program', '<p>There is a mandatory ASP meeting this Thursday during tutorial. All 9th and 10th graders please go to the auditorium. 11th and 12th graders with last names A-L please go to room 121. 11th and 12th graders with last names M-Z please go straight to the library.</p>', '2014-11-20', '', '1:33', '2014-11-18', '2014-11-21', 52, '2014-11-18 22:15:54'),
(263, 'Lesson 11 Dictation Part 2 is due on Monday, Nov. 24th 2014', '<p>Lesson 11 Dictation Part 2 (from 5-9) is due on Monday, Nov. 24th 2014</p>', '0000-00-00', '', '', '2014-11-18', '2014-11-25', 21, '2014-11-19 19:18:22');
INSERT INTO `announcements` (`id`, `title`, `description`, `date`, `location`, `time`, `start_date`, `end_date`, `author`, `timestamp`) VALUES
(264, 'Lesson 6 Vocabulary sheet is due on Monday, Nov. 24th.', '<p>Lesson 6 Vocabulary sheet is due on Monday, Nov. 24th.</p>', '0000-00-00', '', '', '2014-11-17', '2014-11-25', 21, '2014-11-19 19:21:01'),
(265, 'Lesson 6 homework packet is due on Wednesday, Nov. 26th.', '<p>Lesson 6 homework packet is due on Wednesday, Nov. 26th.</p>', '0000-00-00', '', '', '2014-11-19', '2014-11-27', 21, '2014-11-19 19:22:09'),
(266, 'Lesson 4 dictation is due on Wednesday, Dec. 3rd.', '<p>Lesson 4 dictation is due on Wednesday, Dec. 3rd.</p>', '0000-00-00', '', '', '2014-11-19', '2014-12-04', 21, '2014-11-19 19:25:20'),
(267, 'Mandatory ASP meeting on Thursday, Nov. 20th during tutorial', '<p>Mandatory ASP meeting on Thursday, Nov. 20th during tutorial:</p>\r\n<p>All 9th and 10th graders go directly to Auditorium.</p>\r\n<p>All 11th and 12th with last name A-L go to room 121( across from Foods room)</p>\r\n<p>All 11th and 12th graders with last names M-Z go to the library</p>', '0000-00-00', '', '', '2014-11-17', '2014-11-21', 21, '2014-11-19 19:30:47'),
(268, 'Fhsapp launch!', '<p>come see the launch party!</p>', '2014-11-20', 'auditorium', 'lunch', '2014-11-16', '2014-11-21', 1, '2014-11-20 19:25:20'),
(269, 'Lesson 5 Vocabulary sheet is due on Thursday, Dec. 4th.', '<p>Lesson 5 Vocabulary sheet is due on Thursday, Dec. 4th.</p>', '0000-00-00', '', '', '2014-11-20', '2014-12-05', 21, '2014-11-20 21:50:50'),
(270, 'Lesson 4- Presentation is due on Dec. 8th. and 10th.', '<p>Lesson 4- Presentation is due on Dec. 8th. and 10th.&nbsp;</p>\r\n<p>In your presentation, you will:</p>\r\n<ul>\r\n<li>Choose and discribe a specific clothing style that represent a nation or a culture</li>\r\n<li>Research the history of this cloth and changes over time</li>\r\n<li>Discuss the reasons cause the changes</li>\r\n</ul>', '0000-00-00', '', '', '2014-11-21', '2014-12-11', 21, '2014-11-21 21:53:41'),
(271, 'Lesson 7 Dictation part 1 is due on Wednesday, Dec. 3rd.', '<p>Lesson 7 Dictation part 1(from 1-6) is due on Wednesday, Dec. 3rd.</p>', '0000-00-00', '', '', '2014-11-24', '2014-12-04', 21, '2014-11-24 23:24:04'),
(272, 'Lesson 7 Dictation part 2 is due on Friday, Dec. 5th.', '<p>Lesson 7 Dictation part 2( from 7-11) is due on Friday, Dec. 5th.</p>', '0000-00-00', '', '', '2014-11-24', '2014-12-06', 21, '2014-11-24 23:25:26'),
(273, 'Lesson 7 vocabulary and homework packet are due on Friday, Dec. 5th.', '<p>Lesson 7 vocabulary and homework packet are due on Friday, Dec. 5th.</p>', '0000-00-00', '', '', '2014-11-24', '2014-12-06', 21, '2014-11-24 23:26:34'),
(274, 'Lesson 12 Vocabulary is due on Wednesday, Dec. 3rd.', '<p>Lesson 12 Vocabulary is due on Wednesday, Dec. 3rd.</p>', '0000-00-00', '', '', '2014-11-24', '2014-12-04', 21, '2014-11-24 23:27:41'),
(275, 'Lesson 12 Dictation part 1 is due on Wednesday, Dec. 3rd.', '<p>Lesson 12 Dictation part 1 is due on Wednesday, Dec. 3rd.</p>', '0000-00-00', '', '', '2014-11-24', '2014-12-04', 21, '2014-11-24 23:28:22'),
(276, 'Lesson 12 Dictation part 2 is due on Friday, Dec. 5th.', '<p>Lesson 12 Dictation part 2 is due on Friday, Dec. 5th.</p>', '0000-00-00', '', '', '2014-11-24', '2014-12-06', 21, '2014-11-24 23:29:15'),
(277, 'Lesson 12 homework packet is due on Friday, Dec. 5th.', '<p>Lesson 12 homework packet is due on Friday, Dec. 5th.</p>', '0000-00-00', '', '', '2014-11-24', '2014-12-06', 21, '2014-11-24 23:29:59'),
(278, 'Lesson 5 Dictation part 1 is due on Dec. 4th.', '<p>Lesson 5 Dictation part 1 is due on Dec. 4th.</p>', '0000-00-00', '', '', '2014-11-24', '2014-12-05', 21, '2014-11-24 23:32:47'),
(279, 'Lesson 5 Dictation part 2 is due on Monday, Dec. 8th.', '<p>Lesson 5 Dictation part 2 is due on Monday, Dec. 8th.</p>', '0000-00-00', '', '', '2014-11-24', '2014-12-09', 21, '2014-11-24 23:33:54'),
(280, 'Lesson 5 homework packet is due on Monday, Dec. 8th.', '<p>Lesson 5 homework packet is due on Monday, Dec. 8th.</p>', '0000-00-00', '', '', '2014-11-24', '2014-12-09', 21, '2014-11-24 23:34:52'),
(281, 'US History Test!', '<p>Remember we will have a test Monday after Thanksgiving break. Please study!</p>', '0000-00-00', '', '', '2014-11-26', '2014-12-01', 80, '2014-11-26 23:25:56');

-- --------------------------------------------------------

--
-- Table structure for table `anno_subtype`
--

CREATE TABLE IF NOT EXISTS `anno_subtype` (
  `index` int(11) NOT NULL AUTO_INCREMENT,
  `anno_id` int(10) NOT NULL,
  `subtype_id` int(10) NOT NULL,
  PRIMARY KEY (`index`)
) ENGINE=InnoDB  DEFAULT CHARSET=latin1 AUTO_INCREMENT=862 ;

--
-- Dumping data for table `anno_subtype`
--

INSERT INTO `anno_subtype` (`index`, `anno_id`, `subtype_id`) VALUES
(268, 52, 11),
(269, 52, 12),
(270, 52, 13),
(271, 52, 14),
(272, 52, 15),
(273, 53, 40),
(274, 53, 41),
(275, 53, 42),
(276, 53, 43),
(277, 53, 44),
(278, 53, 45),
(279, 53, 46),
(281, 54, 133),
(282, 55, 137),
(283, 51, 11),
(284, 51, 13),
(285, 51, 15),
(286, 51, 41),
(287, 51, 43),
(288, 51, 46),
(289, 51, 137),
(319, 59, 13),
(320, 59, 44),
(321, 59, 133),
(322, 59, 137),
(338, 60, 13),
(339, 61, 13),
(340, 62, 13),
(342, 63, 13),
(343, 64, 13),
(344, 65, 13),
(346, 66, 13),
(347, 67, 13),
(348, 68, 13),
(349, 69, 13),
(350, 70, 13),
(351, 71, 13),
(352, 72, 13),
(353, 73, 13),
(354, 74, 13),
(355, 75, 13),
(356, 76, 13),
(357, 77, 13),
(358, 78, 13),
(359, 79, 13),
(364, 81, 13),
(365, 82, 13),
(368, 83, 137),
(369, 84, 14),
(373, 85, 159),
(377, 86, 156),
(380, 87, 162),
(381, 87, 166),
(385, 89, 179),
(386, 90, 163),
(387, 90, 164),
(388, 90, 167),
(389, 91, 165),
(390, 92, 13),
(391, 93, 162),
(392, 93, 163),
(393, 93, 164),
(394, 93, 165),
(395, 93, 166),
(396, 93, 167),
(397, 94, 165),
(398, 95, 188),
(399, 96, 163),
(400, 96, 164),
(401, 96, 167),
(402, 97, 165),
(404, 99, 223),
(405, 99, 224),
(406, 99, 226),
(407, 99, 228),
(409, 101, 179),
(410, 100, 176),
(416, 103, 13),
(417, 104, 244),
(418, 104, 246),
(419, 105, 180),
(420, 105, 183),
(421, 105, 185),
(422, 105, 186),
(423, 106, 207),
(424, 106, 209),
(425, 106, 210),
(426, 106, 212),
(427, 106, 213),
(431, 110, 13),
(432, 111, 12),
(433, 111, 13),
(434, 112, 13),
(435, 113, 13),
(436, 114, 257),
(437, 114, 258),
(438, 114, 259),
(439, 114, 260),
(440, 114, 261),
(441, 114, 262),
(442, 114, 263),
(443, 114, 264),
(451, 118, 286),
(453, 119, 274),
(454, 120, 274),
(455, 121, 274),
(456, 122, 274),
(457, 123, 274),
(458, 124, 255),
(459, 125, 274),
(460, 126, 274),
(464, 128, 11),
(467, 130, 274),
(468, 131, 274),
(470, 133, 320),
(475, 135, 335),
(476, 135, 337),
(477, 135, 339),
(491, 138, 366),
(492, 138, 368),
(493, 138, 369),
(494, 138, 371),
(495, 138, 372),
(496, 138, 373),
(497, 139, 358),
(498, 139, 360),
(499, 139, 361),
(500, 139, 362),
(501, 139, 363),
(502, 139, 365),
(503, 140, 374),
(507, 141, 383),
(508, 141, 384),
(509, 141, 386),
(510, 141, 388),
(511, 141, 389),
(512, 141, 390),
(513, 142, 351),
(514, 143, 398),
(515, 136, 349),
(525, 145, 412),
(526, 145, 413),
(527, 145, 414),
(528, 144, 408),
(529, 144, 410),
(530, 144, 411),
(535, 147, 278),
(536, 147, 281),
(539, 148, 13),
(542, 151, 13),
(543, 152, 13),
(544, 153, 12),
(545, 154, 12),
(546, 155, 12),
(547, 156, 12),
(548, 157, 12),
(549, 158, 12),
(550, 159, 13),
(551, 160, 13),
(552, 161, 12),
(553, 162, 11),
(554, 163, 11),
(555, 164, 11),
(556, 165, 11),
(557, 166, 11),
(558, 167, 11),
(559, 168, 11),
(560, 169, 11),
(561, 170, 11),
(562, 171, 424),
(587, 173, 184),
(588, 173, 186),
(589, 172, 181),
(590, 172, 180),
(595, 175, 187),
(596, 174, 183),
(597, 176, 428),
(598, 177, 427),
(604, 178, 416),
(605, 178, 417),
(606, 178, 421),
(607, 178, 424),
(608, 178, 425),
(609, 179, 416),
(610, 179, 417),
(611, 179, 421),
(612, 179, 424),
(613, 179, 425),
(622, 181, 183),
(623, 181, 187),
(624, 180, 181),
(625, 180, 180),
(626, 180, 184),
(627, 180, 186),
(628, 182, 207),
(629, 183, 207),
(630, 183, 208),
(631, 183, 210),
(632, 183, 211),
(633, 183, 212),
(634, 183, 214),
(635, 184, 162),
(636, 184, 163),
(637, 184, 164),
(638, 184, 167),
(639, 185, 168),
(640, 185, 169),
(641, 186, 13),
(642, 187, 13),
(643, 188, 12),
(644, 189, 12),
(645, 190, 11),
(646, 191, 12),
(647, 192, 12),
(648, 193, 12),
(649, 194, 12),
(659, 201, 181),
(660, 201, 180),
(661, 201, 184),
(662, 201, 186),
(663, 202, 183),
(664, 202, 187),
(680, 208, 181),
(681, 208, 180),
(682, 208, 184),
(683, 208, 186),
(684, 209, 183),
(685, 209, 187),
(686, 210, 255),
(690, 213, 437),
(696, 218, 181),
(697, 218, 180),
(698, 218, 184),
(699, 218, 186),
(700, 219, 183),
(701, 219, 187),
(705, 211, 433),
(707, 221, 275),
(708, 221, 276),
(709, 221, 279),
(710, 221, 282),
(711, 222, 437),
(712, 223, 431),
(713, 223, 432),
(718, 217, 433),
(725, 224, 431),
(726, 224, 432),
(727, 225, 435),
(728, 225, 438),
(729, 227, 441),
(730, 228, 441),
(731, 229, 441),
(732, 230, 441),
(733, 231, 441),
(734, 232, 181),
(735, 232, 180),
(736, 232, 184),
(737, 232, 186),
(738, 233, 183),
(739, 233, 187),
(740, 234, 208),
(741, 235, 443),
(744, 237, 442),
(745, 238, 162),
(746, 238, 163),
(747, 238, 164),
(748, 238, 167),
(749, 239, 168),
(750, 239, 169),
(752, 240, 178),
(753, 241, 446),
(754, 241, 448),
(755, 241, 451),
(756, 241, 452),
(760, 242, 453),
(761, 242, 454),
(762, 242, 458),
(763, 242, 460),
(764, 243, 224),
(765, 243, 225),
(766, 243, 226),
(767, 243, 227),
(768, 243, 228),
(769, 243, 230),
(774, 246, 463),
(775, 246, 466),
(776, 246, 467),
(777, 246, 468),
(782, 247, 293),
(783, 247, 294),
(784, 247, 297),
(785, 247, 298),
(786, 248, 374),
(787, 248, 375),
(788, 248, 376),
(789, 248, 379),
(790, 248, 380),
(791, 248, 381),
(792, 248, 382),
(793, 249, 218),
(794, 249, 219),
(795, 134, 325),
(796, 134, 326),
(797, 134, 327),
(798, 134, 329),
(799, 250, 330),
(800, 250, 331),
(803, 251, 287),
(804, 251, 289),
(805, 252, 437),
(806, 253, 435),
(807, 253, 438),
(808, 254, 435),
(809, 254, 438),
(810, 255, 473),
(811, 256, 472),
(812, 257, 471),
(813, 236, 444),
(814, 258, 483),
(815, 258, 481),
(816, 258, 486),
(817, 258, 487),
(818, 259, 484),
(819, 259, 485),
(820, 260, 162),
(821, 260, 163),
(822, 260, 164),
(823, 261, 431),
(824, 261, 432),
(829, 262, 416),
(830, 262, 417),
(831, 262, 421),
(832, 262, 424),
(833, 263, 431),
(834, 263, 432),
(835, 264, 435),
(836, 264, 438),
(837, 265, 435),
(838, 265, 438),
(839, 266, 437),
(840, 267, 489),
(841, 268, 40),
(842, 269, 433),
(843, 270, 437),
(844, 271, 435),
(845, 271, 438),
(846, 272, 435),
(847, 272, 438),
(848, 273, 435),
(849, 273, 438),
(850, 274, 431),
(851, 274, 432),
(852, 275, 431),
(853, 275, 432),
(854, 276, 431),
(855, 276, 432),
(856, 277, 431),
(857, 277, 432),
(858, 278, 433),
(859, 279, 433),
(860, 280, 433),
(861, 281, 335);

-- --------------------------------------------------------

--
-- Table structure for table `misc`
--

CREATE TABLE IF NOT EXISTS `misc` (
  `name` varchar(20) NOT NULL,
  `value` varchar(10000) NOT NULL,
  `id` int(11) NOT NULL AUTO_INCREMENT,
  PRIMARY KEY (`id`)
) ENGINE=MyISAM  DEFAULT CHARSET=latin1 AUTO_INCREMENT=6 ;

--
-- Dumping data for table `misc`
--

INSERT INTO `misc` (`name`, `value`, `id`) VALUES
('excluded_dates', '2013-10-11,2013-11-08,2013-11-11,2013-11-25,2013-11-26,2013-11-27,2013-11-28,2013-11-29,2013-12-23,2013-12-24,2013-12-25,2013-12-26,2013-12-27,2013-12-30,2013-12-31,2014-01-01,2014-01-02,2014-01-03,2014-01-20,2014-01-22,2014-01-23,2014-01-24,2014-01-27,2014-02-17,2014-03-24,2014-03-25,2014-03-26,2014-03-27,2014-03-28,2014-04-11,2014-05-26,2014-06-09,2014-06-10,2014-06-11', 1),
('start_date', '2013-09-05', 2),
('end_date', '2014-06-11', 3),
('SurveyUrl', 'http://dialog.fuseinsight.com/topic/start/franklin_app_Dw', 4);

-- --------------------------------------------------------

--
-- Table structure for table `subtype`
--

CREATE TABLE IF NOT EXISTS `subtype` (
  `id` int(10) NOT NULL AUTO_INCREMENT,
  `name` varchar(100) NOT NULL,
  `type_id` int(100) NOT NULL,
  `author_id` int(11) NOT NULL,
  `period` int(1) NOT NULL,
  PRIMARY KEY (`id`)
) ENGINE=MyISAM  DEFAULT CHARSET=latin1 AUTO_INCREMENT=490 ;

--
-- Dumping data for table `subtype`
--

INSERT INTO `subtype` (`id`, `name`, `type_id`, `author_id`, `period`) VALUES
(11, 'College, Career, and Counseling Info', 1, 22, 0),
(12, 'Important Continuing Items', 1, 22, 0),
(13, 'New/Timely Entries', 1, 22, 0),
(14, 'Library', 1, 22, 0),
(15, 'SUN News', 1, 22, 0),
(171, '', 2, 20, 2),
(170, '', 2, 20, 1),
(40, 'Testing', 2, 1, 1),
(41, '', 2, 1, 2),
(42, 'Test Period', 2, 1, 3),
(43, '', 2, 1, 4),
(44, 'Testing Testing', 2, 1, 5),
(45, '', 2, 1, 6),
(46, 'Still Testing', 2, 1, 7),
(47, 'Tada', 2, 1, 8),
(177, 'Intro to Psych', 2, 20, 8),
(176, 'Intro to Psych', 2, 20, 7),
(175, 'Intro to Psych', 2, 20, 6),
(174, '', 2, 20, 5),
(173, '', 2, 20, 4),
(172, '', 2, 20, 3),
(182, '', 2, 24, 3),
(181, 'AP Psychology', 2, 24, 2),
(180, 'AP Psychology ', 2, 24, 1),
(179, 'FHS Slam', 3, 20, 0),
(178, 'Freshman First iPad', 3, 20, 0),
(154, '', 2, 18, 1),
(155, 'Chemistry', 2, 18, 2),
(156, 'AP Chemistry', 2, 18, 3),
(157, '', 2, 18, 4),
(158, 'Chemistry', 2, 18, 5),
(159, 'AP Chemistry', 2, 18, 6),
(160, 'Chemistry', 2, 18, 7),
(161, 'Chemistry', 2, 18, 8),
(162, 'DDCC', 2, 19, 1),
(163, 'DDCC', 2, 19, 2),
(164, 'DDCC', 2, 19, 3),
(165, '', 2, 19, 4),
(166, '', 2, 19, 5),
(167, 'DDCC', 2, 19, 6),
(168, 'Algebra 1-2', 2, 19, 7),
(169, 'Algebra 1-2', 2, 19, 8),
(183, 'Intro to Psychology', 2, 24, 4),
(184, 'AP Psychology', 2, 24, 5),
(185, '', 2, 24, 6),
(186, 'AP Psychology ', 2, 24, 7),
(187, 'Intro to Psychology', 2, 24, 8),
(188, 'Chemistry', 2, 25, 1),
(189, 'Biology', 2, 25, 2),
(190, 'Biology', 2, 25, 3),
(191, '', 2, 25, 4),
(192, '', 2, 25, 5),
(193, 'Biology', 2, 25, 6),
(194, 'Biology', 2, 25, 7),
(195, 'Biology', 2, 25, 8),
(196, 'Science Bowl', 3, 25, 0),
(406, 'APES', 2, 60, 7),
(405, 'APES', 2, 60, 6),
(404, 'APES', 2, 60, 5),
(403, 'Foundations of Chem and Physics', 2, 60, 4),
(402, 'Foundations of Chem and Physics', 2, 60, 3),
(207, 'Biology 1', 2, 34, 1),
(208, 'AP Biology', 2, 34, 2),
(209, '', 2, 34, 3),
(210, 'Biology 4', 2, 34, 4),
(211, 'Biology 5', 2, 34, 5),
(212, 'Biology 6', 2, 34, 6),
(213, '', 2, 34, 7),
(214, 'Biology 8', 2, 34, 8),
(215, 'Essential Skills', 2, 29, 1),
(216, '', 2, 29, 2),
(217, 'Academy Algebra', 2, 29, 3),
(218, 'Academy Geometry', 2, 29, 4),
(219, 'Geometry', 2, 29, 5),
(220, 'Academy Algebra', 2, 29, 6),
(221, '', 2, 29, 7),
(222, 'Academy Algebra', 2, 29, 8),
(223, '', 2, 31, 1),
(224, 'Link Crew', 2, 31, 2),
(225, '9th grade English', 2, 31, 3),
(226, '9th grade English', 2, 31, 4),
(227, '9th grade English', 2, 31, 5),
(228, '10th grade English', 2, 31, 6),
(229, '', 2, 31, 7),
(230, '9th grade English', 2, 31, 8),
(473, 'Earth Club', 3, 122, 0),
(239, 'Algebra 1/2', 2, 28, 1),
(240, '', 2, 28, 2),
(241, 'Algebra 3/4', 2, 28, 3),
(242, 'Algebra Foundations', 2, 28, 4),
(243, 'Algebra 1/2', 2, 28, 5),
(244, 'FST', 2, 28, 6),
(245, '', 2, 28, 7),
(246, 'FST', 2, 28, 8),
(247, 'Geometry', 2, 30, 1),
(248, 'Foundations of algebra', 2, 30, 2),
(249, 'Algebra', 2, 30, 3),
(250, 'Algebra', 2, 30, 4),
(251, 'Academy geometry', 2, 30, 5),
(252, '', 2, 30, 6),
(253, '', 2, 30, 7),
(254, 'Geometry', 2, 30, 8),
(442, 'College and Career Counseling', 5, 128, 0),
(472, 'Luna''s Painting Studio', 3, 21, 0),
(257, 'Immersion 5/6', 2, 62, 1),
(258, 'PREP', 2, 62, 2),
(259, 'Spanish 3/4', 2, 62, 3),
(260, 'Spanish 7/8', 2, 62, 4),
(261, 'PREP', 2, 62, 5),
(262, 'Spanish 3/4', 2, 62, 6),
(263, 'Spanish 3/4', 2, 62, 7),
(264, 'Spanish 3/4', 2, 62, 8),
(398, 'Holly Vaughn-Edmonds:  11/12 Grade Counselor, M-Z', 5, 97, 0),
(266, '', 2, 23, 1),
(267, '', 2, 23, 2),
(268, '', 2, 23, 3),
(269, '', 2, 23, 4),
(270, '', 2, 23, 5),
(271, '', 2, 23, 6),
(272, '', 2, 23, 7),
(273, '', 2, 23, 8),
(274, 'Constitution Team 2015', 3, 23, 0),
(275, 'AP Stats', 2, 41, 1),
(276, 'AP Stats', 2, 41, 2),
(277, 'Prep', 2, 41, 3),
(278, 'Algebra 3-4', 2, 41, 4),
(279, 'AP Stats', 2, 41, 5),
(280, 'Prep', 2, 41, 6),
(281, 'Algebra 3-4', 2, 41, 7),
(282, 'AP Stats', 2, 41, 8),
(283, 'Esp 1-2', 2, 38, 1),
(284, '', 2, 38, 2),
(285, 'Esp 1-2', 2, 38, 3),
(286, 'Esp 1-2', 2, 38, 4),
(287, 'Esp 7-8', 2, 38, 5),
(288, '', 2, 38, 6),
(289, 'Esp 7-8', 2, 38, 7),
(290, 'Esp 1-2', 2, 38, 8),
(291, 'College & Career Exploration', 2, 65, 1),
(292, '', 2, 65, 2),
(293, 'AP English Language', 2, 65, 3),
(294, 'AP English Language', 2, 65, 4),
(295, '', 2, 65, 5),
(296, 'Writing Lab', 2, 65, 6),
(297, 'AP English Language', 2, 65, 7),
(298, 'AP English Language', 2, 65, 8),
(299, 'Key Club', 3, 65, 0),
(446, 'English 1-2', 2, 129, 2),
(471, 'Tea Club', 3, 21, 0),
(441, 'FHSAPP Club', 3, 127, 0),
(445, '', 2, 129, 1),
(444, 'Chinese Club', 3, 21, 0),
(401, '', 2, 60, 2),
(320, 'African American History', 2, 95, 4),
(319, 'Gov/Econ', 2, 95, 3),
(318, 'African American History', 2, 95, 2),
(317, '', 2, 95, 1),
(321, '', 2, 95, 5),
(322, 'African American History', 2, 95, 6),
(323, 'African American History', 2, 95, 7),
(324, 'Gov/Econ', 2, 95, 8),
(325, 'Eng. 5-6', 2, 53, 1),
(326, 'Eng. 5-6', 2, 53, 2),
(327, 'Eng. 5-6', 2, 53, 3),
(328, '', 2, 53, 4),
(329, 'Eng. 5-6', 2, 53, 5),
(330, 'U.S. History', 2, 53, 6),
(331, 'APUSH', 2, 53, 7),
(332, '', 2, 53, 8),
(333, 'MWH', 2, 80, 1),
(334, '', 2, 80, 2),
(335, 'USH', 2, 80, 3),
(336, 'MWH', 2, 80, 4),
(337, 'USH', 2, 80, 5),
(338, '', 2, 80, 6),
(339, 'USH', 2, 80, 7),
(340, 'MWH', 2, 80, 8),
(341, 'French 3-4', 2, 64, 1),
(342, '', 2, 64, 2),
(343, 'Russian 1-2', 2, 64, 3),
(344, 'French 1-2', 2, 64, 4),
(345, 'French 3-4', 2, 64, 5),
(346, 'French 3-4', 2, 64, 6),
(347, '', 2, 64, 7),
(348, 'Russian 1-2', 2, 64, 8),
(349, 'Russian club', 3, 64, 0),
(350, '', 2, 76, 1),
(351, 'Digital Design & Coding', 2, 76, 2),
(352, '', 2, 76, 3),
(353, '', 2, 76, 4),
(354, '', 2, 76, 5),
(355, '', 2, 76, 6),
(356, '', 2, 76, 7),
(357, '', 2, 76, 8),
(358, 'English 3-4', 2, 51, 1),
(359, '', 2, 51, 2),
(360, 'Introduction to Journalism', 2, 51, 3),
(361, 'Advanced Journalism', 2, 51, 4),
(362, 'English 3-4', 2, 51, 5),
(363, 'English 3-4', 2, 51, 6),
(364, '', 2, 51, 7),
(365, 'English 3-4', 2, 51, 8),
(366, 'Essential Skills', 2, 33, 1),
(367, '', 2, 33, 2),
(368, 'Creative Writing', 2, 33, 3),
(369, 'Creative Writing', 2, 33, 4),
(370, '', 2, 33, 5),
(371, 'Junior English', 2, 33, 6),
(372, 'Junior English', 2, 33, 7),
(373, 'Essential Skills', 2, 33, 8),
(374, 'Leadership', 2, 96, 1),
(375, 'College & Career', 2, 96, 2),
(376, 'English 7-8', 2, 96, 3),
(377, '', 2, 96, 4),
(378, '', 2, 96, 5),
(379, 'English 7-8', 2, 96, 6),
(380, 'College & Career', 2, 96, 7),
(381, 'College & Career', 2, 96, 8),
(382, 'Leadership/ASB', 3, 96, 0),
(383, 'Acad. Biology', 2, 44, 1),
(384, 'Chemistry', 2, 44, 2),
(385, '', 2, 44, 3),
(386, 'Acad. Biology', 2, 44, 4),
(387, '', 2, 44, 5),
(388, 'Chemistry', 2, 44, 6),
(389, 'Acad. Biology', 2, 44, 7),
(390, 'Acad. Biology', 2, 44, 8),
(391, 'Law', 2, 74, 1),
(392, 'Law', 2, 74, 2),
(393, '', 2, 74, 3),
(394, '', 2, 74, 5),
(395, '', 2, 74, 7),
(396, '', 2, 74, 8),
(400, '', 2, 60, 1),
(407, 'APES', 2, 60, 8),
(408, 'Spanish 1/2', 2, 40, 1),
(409, '', 2, 40, 2),
(410, 'Spanish 3/4', 2, 40, 3),
(411, 'Spanish 3/4', 2, 40, 4),
(412, 'Spanish 3/4', 2, 40, 5),
(413, 'Spanish 1/2', 2, 40, 6),
(414, 'Spanish 3/4', 2, 40, 7),
(415, '', 2, 40, 8),
(416, 'AP English Lit.', 2, 52, 1),
(417, 'AP English Lit.', 2, 52, 2),
(418, '', 2, 52, 3),
(419, '', 2, 52, 4),
(420, '', 2, 52, 5),
(421, 'AP English Lit.', 2, 52, 6),
(422, '', 2, 52, 7),
(423, '', 2, 52, 8),
(424, 'Advanced Scholar Program', 3, 52, 0),
(425, 'Black Student Union', 3, 52, 0),
(426, 'Science Bowl', 3, 106, 0),
(427, 'ASPIRE', 3, 111, 0),
(428, 'Tutoring Center', 3, 111, 0),
(429, 'Painting Studio', 3, 119, 0),
(430, 'sailormoon', 3, 105, 0),
(431, 'Chinese 1-2', 2, 21, 1),
(432, 'Chinese 1-2', 2, 21, 2),
(433, 'Chinese 5-6&7-8', 2, 21, 3),
(434, '', 2, 21, 4),
(435, 'Chinese 3-4', 2, 21, 5),
(436, '', 2, 21, 6),
(437, 'AP Chinese', 2, 21, 7),
(438, 'Chinese 3-4', 2, 21, 8),
(439, '', 5, 1, 0),
(440, 'Nintendo Dungeon', 3, 117, 0),
(447, 'College & Career', 2, 129, 3),
(448, 'English 1-2', 2, 129, 4),
(449, '', 2, 129, 5),
(450, 'College & Career', 2, 129, 6),
(451, 'English 1-2', 2, 129, 7),
(452, 'English 1-2', 2, 129, 8),
(453, 'French 1-2', 2, 130, 1),
(454, 'French 1-2', 2, 130, 2),
(455, '', 2, 130, 3),
(456, 'French 5-6', 2, 130, 4),
(457, '', 2, 130, 5),
(458, 'French 1-2', 2, 130, 6),
(459, 'French 7-8', 2, 130, 7),
(460, 'French 1-2', 2, 130, 8),
(461, 'French Club', 3, 130, 0),
(462, '', 4, 130, 0),
(463, 'English', 2, 48, 1),
(464, '', 2, 48, 2),
(465, '', 2, 48, 3),
(466, 'Social Studies', 2, 48, 4),
(467, 'Alg Support', 2, 48, 5),
(468, 'Math', 2, 48, 6),
(469, '', 2, 48, 7),
(470, '', 2, 48, 8),
(484, 'FPC', 2, 57, 4),
(483, 'Physics', 2, 57, 3),
(481, 'Physics', 2, 57, 1),
(482, '', 2, 57, 2),
(485, 'FPC', 2, 57, 5),
(486, 'Physics', 2, 57, 6),
(487, 'Physics', 2, 57, 7),
(488, '', 2, 57, 8),
(489, 'Advance Scholar Program', 3, 21, 0);

-- --------------------------------------------------------

--
-- Table structure for table `type`
--

CREATE TABLE IF NOT EXISTS `type` (
  `id` int(11) NOT NULL AUTO_INCREMENT,
  `name` varchar(50) NOT NULL,
  PRIMARY KEY (`id`)
) ENGINE=MyISAM  DEFAULT CHARSET=latin1 AUTO_INCREMENT=7 ;

--
-- Dumping data for table `type`
--

INSERT INTO `type` (`id`, `name`) VALUES
(1, 'General'),
(2, 'Classes'),
(3, 'Clubs'),
(4, 'Sports'),
(5, 'Staff');

-- --------------------------------------------------------

--
-- Table structure for table `users`
--

CREATE TABLE IF NOT EXISTS `users` (
  `id` int(10) NOT NULL AUTO_INCREMENT,
  `username` varchar(100) NOT NULL,
  `password` varchar(256) NOT NULL,
  `email` varchar(100) NOT NULL,
  `first_name` varchar(100) NOT NULL,
  `last_name` varchar(100) NOT NULL,
  `teacher` tinyint(1) NOT NULL,
  `admin` tinyint(1) NOT NULL,
  `club` tinyint(1) NOT NULL,
  `sports` tinyint(1) NOT NULL,
  `staff` tinyint(1) NOT NULL,
  PRIMARY KEY (`id`)
) ENGINE=MyISAM  DEFAULT CHARSET=latin1 COMMENT='The teachers.' AUTO_INCREMENT=138 ;

--
-- Dumping data for table `users`
--

INSERT INTO `users` (`id`, `username`, `password`, `email`, `first_name`, `last_name`, `teacher`, `admin`, `club`, `sports`, `staff`) VALUES
(1, 'fhsapp', 'e91bde1d1f1c4fbab46f3ec44a354f8b', 'dustindiep0@gmail.com', 'Supreme', 'Admin', 1, 1, 1, 1, 1),
(25, 'bbiagini', 'd93591bdf7860e1e4ee2fca799911215', 'bbiagini@pps.net', 'Beth', 'Biagini', 1, 0, 1, 0, 0),
(24, 'wmcclend', 'f35e5c7e8c4e995b2844905c53e06e8c', 'wmcclend@pps.net', 'William', 'McClendon', 1, 0, 0, 0, 0),
(20, 'sjchilds', 'dbc12e0724fc029fc60ecec5297aeec4', 'sjchilds@pps.net', 'Sandra', 'Childs', 1, 0, 1, 0, 1),
(21, 'mmi', '3d02a137e99c262edd3fd578454ed641', 'mmi@pps.net', 'Marilyn', 'Mi', 1, 0, 1, 0, 0),
(22, 'jregister', 'b846e8f5ee2e25de940f6c037cfc7408', 'jregister@pps.net', 'Jill', 'Register', 0, 1, 0, 0, 0),
(23, 'phall', '835f0f96c6baa34eec519d4dbb709224', 'phall@pps.net', 'Portia', 'Hall', 1, 0, 1, 0, 0),
(18, 'msansom', '81dc9bdb52d04dc20036dbd8313ed055', 'msansom@pps.net', 'Merritt', 'Sansom', 1, 0, 0, 0, 0),
(19, 'rjamieson', '60180544767affe7e4fb148a490d4347', 'rjamieson@pps.net', 'Rob', 'Jamieson', 1, 0, 0, 1, 0),
(26, 'hambinde', '81b073de9370ea873f548e31b8adc081', 'hambinde@pps.net', 'Harris', 'Ambinder', 1, 0, 0, 0, 0),
(99, 'Lnm', '962012d09b8170d912f0669f6d7d9d07', 'light.scarlet.rose@gmail.com', 'Loner no more', 'Club', 0, 0, 1, 0, 0),
(28, 'tbutenho', '02055d0f3ca3e8abdd51c88c9949a507', 'tbutenho@pps.net', 'Trevor', 'Butenhoff', 1, 0, 0, 0, 0),
(29, 'mbeeber', 'f233a457eb131b733d04c5162b6aef7c', 'mbeeber@pps.net', 'Mary Jo', 'Beeber', 1, 0, 0, 0, 0),
(30, 'sewing', '486cf50b813f9f30b82cc777cf0f0f8c', 'sewing@pps.net', 'Shauna', 'Ewing', 1, 0, 0, 0, 0),
(31, 'pgarrett', '754fa05eee43720b2e7effc3548d49bc', 'pgarrett@pps.net', 'Pamela', 'Garrett', 1, 0, 0, 0, 0),
(134, 'aheadley', '962012d09b8170d912f0669f6d7d9d07', 'aheadley@pps.net', 'Alice', 'Headley', 0, 0, 0, 0, 1),
(33, 'dvinger2', '2b959945649b45923eaa15210fc785de', 'dvinger2@pps.net', 'Dana', 'Vinger', 1, 0, 0, 0, 0),
(34, 'mstewar2', 'a717fd89f012f141243aec50cc14e83d', 'mstewar2@pps.net', 'Matt', 'Stewart', 1, 0, 0, 0, 0),
(35, 'gheppner', '0ac92daa9e541b7f1ac6d6cef047d22e', 'gheppner@pps.net', 'Gregg', 'Heppner', 1, 0, 0, 0, 0),
(36, 'lghodsi', '4846a13c5533a8600d598ccca84ebaca', 'lghodsi@pps.net', 'Leila', 'Ghodsi', 1, 0, 0, 0, 0),
(37, 'applereview', '81a349e9f10ff7454d0144a930587dee', 'harmonicnw@gmail.com', 'Apple', 'Reviewer', 1, 1, 1, 1, 0),
(38, 'tgrobey', 'ca092c71d6be4e9dd735fbceb0890093', 'tgrobey@pps.net', 'Tod', 'Grobey', 1, 0, 0, 0, 0),
(39, 'bthatcher', 'ba266745410d3c888ad3ca53f55e3b4f', 'bthatcher@pps.net', 'Brieana ', 'Thatcher', 1, 0, 0, 0, 0),
(40, 'ntovar', '962012d09b8170d912f0669f6d7d9d07', 'ntovar@pps.net', 'Nayibe ', 'Tovar', 1, 0, 0, 0, 0),
(41, 'kandrews', 'b517894909d2ef48a66c54389229702e', 'kandrews@pps.net', 'Kelly', 'Andrews', 1, 0, 0, 0, 0),
(42, 'ccook@pps.net', 'cdaeb1282d614772beb1e74c192bebda', 'ccook@pps.net', 'Clara', 'Cook', 1, 0, 0, 0, 0),
(43, 'dstroup', '48c63b9a705b9e9f50a51c9f90a4a567', 'dstroup@pps.net', 'David', 'Stroup', 1, 0, 0, 0, 0),
(44, 'sbuckmas', '13fbdb31c85f7397853aa0a9b6a9010d', 'sbuckmas@pps.net', 'Steve', 'Buckmaster', 1, 0, 0, 0, 0),
(45, 'gchin', 'c26820b8a4c1b3c2aa868d6d57e14a79', 'gchin@pps.ent', 'Gary', 'Chin', 1, 0, 0, 0, 0),
(46, 'ttrotter', 'e82c4b19b8151ddc25d4d93baf7b908f', 'ttrotter@pps.net', 'Tristan', 'Trotter', 1, 0, 0, 0, 0),
(47, 'nstremmi', 'def7924e3199be5e18060bb3e1d547a7', 'nstremmi@pps.net', 'Norman', 'Stremming', 1, 0, 0, 0, 0),
(48, 'ayork', '992b80a90a5e5ca3c91f2d84167fb3e0', 'ayork@pps.net', 'Anna', 'York', 1, 0, 0, 0, 0),
(49, 'dsilvernail', '912ec803b2ce49e4a541068d495ab570', 'dsilvernail@pps.net', 'Dan', 'Silvernail', 1, 0, 0, 0, 0),
(133, 'Ewildert', '8dc577bd1e0ae8f4781601e3b36a9930', 'Ewildert@pss.net', 'Elle', 'Wilder', 1, 0, 0, 0, 0),
(51, 'ekirsch', '6f210627c6144dd959baee3f5db30a6e', 'ekirsch@pps.net', 'Elizabeth', 'Kirsch', 1, 0, 0, 0, 0),
(52, 'sbartley', 'b7d090d07eee07d9ed2b1ab0e12c4679', 'sbartley@pps.net', 'Susan', 'Bartley', 1, 0, 1, 0, 0),
(53, 'imontano', '8d73b68a4dc3a624799c8411245a8d90', 'imontano@pps.net', 'Irene', 'Montano', 1, 0, 0, 0, 0),
(54, 'jtorres', 'f38fef4c0e4988792723c29a0bd3ca98', 'jtorres@pps.net', 'Julana', 'Torres', 1, 0, 0, 0, 0),
(56, 'janderson1', '81dc9bdb52d04dc20036dbd8313ed055', 'janderson1@pps.net', 'Jeff', 'Anderson', 1, 0, 0, 0, 0),
(57, 'sreedy', '08ebfb8d15ada86737882daa2f18bdce', 'sreedy@pps.net', 'Seth', 'Reedy', 1, 0, 0, 0, 0),
(61, 'jperez1', '81dc9bdb52d04dc20036dbd8313ed055', 'jperez1@pps.net', 'Javier', 'Perez', 1, 0, 0, 0, 0),
(59, 'tbiamont', '58c334bfb94db2eb2e09c8cef653186b', 'tbiamont@pps.net', 'Tim', 'Biamont', 1, 0, 0, 0, 0),
(60, 'mwhisnan', '9787922f286a4349a009237d0b2ffd73', 'mwhisnan@pps.net', 'Megan', 'Whisnand', 1, 0, 0, 0, 0),
(62, 'mperez', '3a847d1f429eddb4644a011cde47d8d0', 'mperez@pps.net', 'Marty', 'Perez', 1, 0, 0, 0, 0),
(97, 'hvedmonds', 'f20d1b660e7ae9a684417aa5e27595f2', 'hvedmonds@pps.net', 'Holly', 'Vaughn-Edmonds', 0, 0, 0, 0, 1),
(64, 'lstruble', '27d3be7e14da734cb352ebb836e306b6', 'lstruble@pps.net', 'Laura', 'Struble', 1, 0, 1, 0, 0),
(65, 'ewong', 'c8f2089bf1de367d48e68bba5a0c9cfa', 'ewong@pps.net', 'Elisa', 'Wong', 1, 0, 1, 0, 0),
(66, 'kdenney', '37c592401351ff530b3ecb079378cdd8', 'kdenney@pps.net', 'Kevin', 'Denney', 1, 0, 0, 0, 0),
(127, 'john_explosion', 'bdb9fa61b859c73ed6b21238b4b16eb3', 'pogodrake@gmail.com', 'Griffin', 'Drake', 0, 0, 1, 1, 0),
(98, 'vietnameseclub', '81dc9bdb52d04dc20036dbd8313ed055', 'lien.hoang21@gmail.com', 'Vietnamese', 'Club', 0, 0, 1, 0, 0),
(69, 'dzak', 'd93591bdf7860e1e4ee2fca799911215', 'dzak@pps.net', 'Desi', 'Zak', 1, 0, 0, 0, 0),
(70, 'mharmon', '81b073de9370ea873f548e31b8adc081', 'mharmon@pps.net', 'Michael', 'Harmon', 1, 0, 0, 0, 0),
(71, 'kwagner', '827ccb0eea8a706c4c34a16891f84e7b', 'kwagner@pps.net', 'Kim', 'Wagner', 1, 0, 0, 0, 0),
(72, 'bsharifi', '81dc9bdb52d04dc20036dbd8313ed055', 'spcbijansharifi@yahoo.com', 'Bijan', 'Sharifi', 1, 0, 0, 0, 0),
(135, 'dchapma1', 'cdaeb1282d614772beb1e74c192bebda', 'dchapma1@pps.net', 'Danelle', 'Chapman', 0, 0, 0, 0, 1),
(74, 'jdoyle', '81dc9bdb52d04dc20036dbd8313ed055', 'jdoyle@pps.net', 'Jimmy', 'Doyle', 1, 0, 0, 0, 0),
(75, 'cberning', '674f3c2c1a8a6f90461e8a66fb5550ba', 'cberning@pps.net', 'Carrie', 'Berning', 1, 0, 0, 0, 0),
(76, 'jrowe', 'e1a64210afc2e05445c9f25899ece538', 'jrowe@pps.net', 'Joe', 'Rowe', 1, 0, 0, 0, 0),
(132, 'mzimtbau', 'ba266745410d3c888ad3ca53f55e3b4f', 'mzimtbau@pps.net', 'Mark', 'Zimtbaum', 1, 0, 0, 0, 0),
(78, 'mryan', 'd93591bdf7860e1e4ee2fca799911215', 'mryan@pps.net', 'Myron', 'Ryan', 1, 0, 0, 0, 0),
(79, 'hleineweber', 'ca092c71d6be4e9dd735fbceb0890093', 'hleineweber@pps.net', 'Heidi', 'Leineweber', 1, 0, 0, 0, 0),
(80, 'kpolis', 'a0d76858ff50828223285a4f8b1b63ea', 'kpolis@pps.net', 'Karen', 'Polis', 1, 0, 0, 0, 0),
(81, 'jforsyth', '81dc9bdb52d04dc20036dbd8313ed055', 'jforsyth@pps.net', 'Josh', 'Forsythe', 1, 0, 1, 0, 0),
(82, 'tmccarth', 'd93591bdf7860e1e4ee2fca799911215', 'tmccarth@pps.net', 'Coach', 'Mac', 1, 0, 0, 1, 0),
(83, 'scotts', 'd93591bdf7860e1e4ee2fca799911215', 'scotts@pps.net', 'Scott', 'Santangelo', 0, 0, 0, 1, 1),
(86, 'lgabriel', 'd93591bdf7860e1e4ee2fca799911215', 'lgabriel@pps.net', 'Leanne', 'Gabriel', 1, 0, 0, 0, 0),
(85, 'lfeuz', 'd93591bdf7860e1e4ee2fca799911215', 'lfeuz@pps.net', 'Lisa', 'Feuz', 1, 0, 0, 0, 0),
(87, 'cwebster', 'd93591bdf7860e1e4ee2fca799911215', 'cwebster@pps.net', 'Clark', 'Webster', 1, 0, 0, 0, 0),
(88, 'dsherden', 'd93591bdf7860e1e4ee2fca799911215', 'dsherden@pps.net', 'Dave', 'Sherden', 1, 0, 0, 0, 0),
(89, 'htran1', '962012d09b8170d912f0669f6d7d9d07', 'htran1@pps.net', 'Hoang', 'Tran', 0, 0, 0, 0, 1),
(90, 'cfrazier', 'ba266745410d3c888ad3ca53f55e3b4f', 'cfrazier@pps.net', 'Chris', 'Frazier', 1, 0, 0, 0, 0),
(91, 'rdraper', 'd93591bdf7860e1e4ee2fca799911215', 'rdraper@pps.net', 'Rachel', 'Draper', 1, 0, 0, 0, 0),
(92, 'ejohnso3', 'ca092c71d6be4e9dd735fbceb0890093', 'ejohnso3@pps.net', 'Erika', 'Johnson', 1, 0, 0, 0, 0),
(93, 'dspann', 'ca092c71d6be4e9dd735fbceb0890093', 'ibdesmondspann@gmail.com', 'Desmond', 'Spann', 1, 0, 0, 0, 0),
(94, 'jvalder', '15137ac9aa4a99ca503af92199223644', 'jvalder@pps.net', 'Juanita', 'Valder', 1, 0, 0, 0, 0),
(95, 'rgray', '74e9f758d28fe996d6d1888be7de4c32', 'rgray@pps.net', 'Rhonda', 'Gray', 1, 0, 0, 0, 0),
(96, 'kamador', '64ab47d2754705739f7edc277f4e0ace', 'kamador@pps.net', 'Kimberly', 'Amador', 1, 0, 1, 0, 0),
(100, 'Island club', '962012d09b8170d912f0669f6d7d9d07', 'Kioane27@yahoo.com', 'Island', 'Club', 0, 0, 1, 0, 0),
(101, 'PIA', '0ec3a9c75693e1554a8c5283eaed26b3', 'smithcullyn@gmail.com', 'PIA', 'Club', 0, 0, 1, 0, 0),
(102, 'Dragon boats', '6ca29d9bb530402bd09fe026ee838148', 'Janewong75@gmail.com', 'Dragon Boat', 'Club', 0, 0, 1, 0, 0),
(103, 'Arclub', 'f4e42c9d89e19904be4150d9677e2a5d', 'Ayork@pps.net', 'Animal Rights', 'Club', 0, 0, 1, 0, 0),
(104, 'Agedi', '0ec3a9c75693e1554a8c5283eaed26b3', 'Ahmed.gedi1@gmail.com', 'Ahmed', 'Gedi', 0, 0, 1, 0, 0),
(105, 'Sailormoon', '20dab906d5eee21a2e4a58d35a6acaa5', 'LegolAslovertrinity@hotmail.com', 'Sailor Moon', 'Club', 0, 0, 1, 0, 0),
(106, '4science', '9c44fc81ae1c3b4b362d5576bf6cda53', 'Grayson5454@gmail.com', 'Science bowl', 'Club', 0, 0, 1, 0, 0),
(107, 'Stepitup', '962012d09b8170d912f0669f6d7d9d07', 'Levi@stepitup.org', 'Step it up', 'Club', 0, 0, 1, 0, 0),
(108, 'StopTrade', 'ca092c71d6be4e9dd735fbceb0890093', 'phamterri@hotmail.com', 'Stop the Trade', 'Club', 0, 0, 1, 0, 0),
(109, 'Redcrossclub', '486a2cb4fb2d1cb373b1d16ff15e7144', 'franklinhs.redcrossclub@gmail.com', 'Red Cross', 'Club', 0, 0, 1, 0, 0),
(110, 'Keyclub', '81dc9bdb52d04dc20036dbd8313ed055', 'Fhskeyclub79@gmail.com', 'Key ', 'Club', 0, 0, 1, 0, 0),
(111, 'ASPIRE', '3d3e46450e12de9ad0eacba37a318f98', 'catherinez@pps.net', 'Cat', 'Zalanka', 0, 0, 1, 0, 0),
(112, 'QSA', 'd93591bdf7860e1e4ee2fca799911215', 'calypso.dawn@gmail.com', 'QSA', 'Club', 0, 0, 1, 0, 0),
(113, 'Jobs 101', '1e48c4420b7073bc11916c6c1de226bb', 'Bchenoweth@impactnw.org', 'Jobs 101', 'Club', 0, 0, 1, 0, 0),
(114, 'PathwaysManufacture', '81dc9bdb52d04dc20036dbd8313ed055', 'mschiding@impactnw.org', 'Pathways to', 'Manufacturing', 0, 0, 1, 0, 0),
(115, 'NAC', 'ba266745410d3c888ad3ca53f55e3b4f', 'Johnson.saje4@gmail.com', 'Native American', 'Club', 0, 0, 1, 0, 0),
(116, 'LoL', '81dc9bdb52d04dc20036dbd8313ed055', 'starkillerfairman@gmail.com', 'LOL', 'Club', 0, 0, 1, 0, 0),
(117, 'NintendoDungeon', '9b88b6de956ffa7443c8761e430e57e8', 'arianaamj@gmail.com', 'Nintendo', 'Dungeon', 0, 0, 1, 0, 0),
(118, 'swu', '674f3c2c1a8a6f90461e8a66fb5550ba', 'jiayinwu8484@gmail.com', 'Shirley', 'Wu', 0, 0, 1, 0, 0),
(119, 'paintingstudio', 'f1b84fbb83a282f142b054e6966f0c76', 'fhspaintingstudio@gmail.com', 'Painting', 'Studio', 0, 0, 1, 0, 0),
(120, 'tenzin', '962012d09b8170d912f0669f6d7d9d07', 'tenzintibet45@gmail.com', 'Tenzin', '*', 0, 0, 1, 0, 0),
(121, 'aleistner', '15137ac9aa4a99ca503af92199223644', 'AJLeistner@gmail.com', 'Alexa', 'Leistner', 0, 0, 1, 0, 0),
(122, 'ewoodburn', 'fb29805aa6a2cdaf73f3c256962c61e4', 'emma.isela@gmail.com', 'Emma', 'Woodburn', 0, 0, 1, 0, 0),
(123, 'khigley', '912ec803b2ce49e4a541068d495ab570', 'kim@girlsincpnw.org', 'Kim', 'Higley', 0, 0, 1, 0, 0),
(124, 'jacob', '912ec803b2ce49e4a541068d495ab570', 'devlinjacob@gmail.com', 'Jacob', '*', 0, 0, 1, 0, 0),
(125, 'Edmon', '962012d09b8170d912f0669f6d7d9d07', 'edhead.wong@gmail.com', 'Edmon', 'Wong', 0, 0, 1, 0, 0),
(126, 'ccedeno', 'ba266745410d3c888ad3ca53f55e3b4f', 'claudia2779s@gmail.com', 'Claudia', 'Cedeno', 0, 0, 1, 0, 0),
(128, 'rlaiz', '6263cb2bc7fe3ff5c9f1836042db4b64', 'rlaiz@pps.net', 'Raquel', 'Laiz', 0, 0, 0, 0, 1),
(129, 'shines1', '95f5cb83b27aa8184560345d49207bce', 'shines1@pps.net', 'Shawnte', 'Hines', 1, 0, 0, 0, 0),
(130, 'dmiller1', 'c26d2ac5ef9d4398e4e5ffbeb62dec1e', 'dmiller1@pps.net', 'Dana', 'Miller', 1, 0, 1, 1, 0),
(131, 'ebarry', 'cabe68e086522416737fef93a691c3de', 'eotto@pps.net', 'Elena', 'Barry', 1, 0, 0, 0, 0),
(136, 'sgoldman', '674f3c2c1a8a6f90461e8a66fb5550ba', 'sgoldman@pps.net', 'Sara', 'Goldman', 0, 0, 0, 0, 1),
(137, 'soneill', '6fbd7dbea4d52bfe4d83cc30c858d4ba', 'soneill@pps.net', 'Steve', 'O''Neill', 1, 0, 0, 1, 0);

-- --------------------------------------------------------

--
-- Table structure for table `user_profile`
--

CREATE TABLE IF NOT EXISTS `user_profile` (
  `id` int(11) NOT NULL AUTO_INCREMENT,
  `author_id` int(11) NOT NULL,
  `room_number` int(11) NOT NULL,
  `bio` varchar(500) NOT NULL,
  `other_roles` varchar(500) NOT NULL,
  `other_info` varchar(500) NOT NULL,
  `website_link` varchar(500) NOT NULL,
  `facebook` varchar(255) NOT NULL,
  `twitter` varchar(255) NOT NULL,
  `wordpress_blog` varchar(255) NOT NULL,
  PRIMARY KEY (`id`)
) ENGINE=MyISAM  DEFAULT CHARSET=latin1 AUTO_INCREMENT=3 ;

--
-- Dumping data for table `user_profile`
--

INSERT INTO `user_profile` (`id`, `author_id`, `room_number`, `bio`, `other_roles`, `other_info`, `website_link`, `facebook`, `twitter`, `wordpress_blog`) VALUES
(1, 1, 1000, 'The Supreme Admin was born in a small shack in the country and teaches outmoded forms of mathematics and coding. ', 'Manager of FHS APP club, Animal Husbandry club.', 'Available during tutorial for additional help with Animal Husbandry. ', 'http://www.fhsapp.com', 'https://www.facebook.com/pogodrake', 'https://twitter.com/Uberhobbit', 'http://mrstroupscience.wordpress.com/');

/*!40101 SET CHARACTER_SET_CLIENT=@OLD_CHARACTER_SET_CLIENT */;
/*!40101 SET CHARACTER_SET_RESULTS=@OLD_CHARACTER_SET_RESULTS */;
/*!40101 SET COLLATION_CONNECTION=@OLD_COLLATION_CONNECTION */;
